tabela,cenario,metrica,alvo,base,n,mediana_base,iqr_base,mediana_alvo,iqr_alvo,mediana_diferenca,ic95_inf,ic95_sup,w,p_wilcoxon,p_holm,t,p_t,p_shapiro,cliff_delta,magnitude
T1,leve,travessia do VE (s),PREEMPCAO,FIXO,50,456.85,17.405,270.84,13.275,-185.24,-189.45,-178.16,0,1.77636e-15,4.08562e-14,-82.3699,3.28622e-54,0.970923,-1,grande
T1,leve,travessia do VE (s),PREEMPCAO_COMPENSADA,FIXO,50,456.85,17.405,266.94,8.335,-190.14,-193.264,-182.79,0,1.77636e-15,4.08562e-14,-87.1498,2.11009e-55,0.162583,-1,grande
T3,leve,espera transversal (s),PREEMPCAO,FIXO,50,19.105,0.72,19.065,0.87,-0.23,-0.57,-0.02,401.5,0.0227075,0.0908301,-2.24813,0.0291008,0.988588,-0.214,pequeno
T3,leve,espera transversal (s),PREEMPCAO_COMPENSADA,FIXO,50,19.105,0.72,18.765,0.92,-0.38,-0.78,-0.115,332.5,0.00323649,0.0194189,-3.19158,0.00247085,0.855492,-0.3504,médio
T3,leve,espera transversal (s),PREEMPCAO_COMPENSADA,PREEMPCAO,50,19.065,0.87,18.765,0.92,-0.205,-0.49,0.34,498,0.254706,0.509412,-1.35294,0.182283,0.42532,-0.134,desprezível
T1,moderado,travessia do VE (s),PREEMPCAO,FIXO,50,492.61,14.515,320.22,14.11,-171.88,-174.44,-167.03,0,1.77636e-15,4.08562e-14,-86.0757,3.85942e-55,0.0118528,-1,grande
T1,moderado,travessia do VE (s),PREEMPCAO_COMPENSADA,FIXO,50,492.61,14.515,315.79,18.72,-176.34,-179.67,-169.34,0,1.77636e-15,4.08562e-14,-85.8172,4.46802e-55,0.882792,-1,grande
T3,moderado,espera transversal (s),PREEMPCAO,FIXO,50,15.35,0.335,18.36,0.5825,2.975,2.81,3.18,0,7.55351e-10,1.05701e-08,44.1796,3.88977e-41,0.566178,1,grande
T3,moderado,espera transversal (s),PREEMPCAO_COMPENSADA,FIXO,50,15.35,0.335,18.33,0.62,2.945,2.81,3.14,0,7.5518e-10,1.05701e-08,38.4931,2.76246e-38,0.840556,1,grande
T3,moderado,espera transversal (s),PREEMPCAO_COMPENSADA,PREEMPCAO,50,18.36,0.5825,18.33,0.62,0.05,-0.28,0.34,589,0.815165,0.815165,-0.377008,0.707795,0.431402,-0.0436,desprezível
T1,intenso,travessia do VE (s),PREEMPCAO,FIXO,50,528.94,21.6,381.01,16.565,-148,-156.01,-144.06,0,7.55522e-10,1.05701e-08,-50.5394,6.14222e-44,0.580091,-1,grande
T1,intenso,travessia do VE (s),PREEMPCAO_COMPENSADA,FIXO,50,528.94,21.6,389.13,22.86,-142.12,-152.14,-131.7,0,1.77636e-15,4.08562e-14,-44.8379,1.91685e-41,0.364193,-1,grande
T3,intenso,espera transversal (s),PREEMPCAO,FIXO,50,16.25,0.6075,24.16,1.4825,7.78,7.42,8.22,0,7.55351e-10,1.05701e-08,53.3356,4.5966e-45,0.991397,1,grande
T3,intenso,espera transversal (s),PREEMPCAO_COMPENSADA,FIXO,50,16.25,0.6075,23.585,1.2175,7.2,7,7.595,0,7.5501e-10,1.05701e-08,62.7876,1.73675e-48,0.813465,1,grande
T3,intenso,espera transversal (s),PREEMPCAO_COMPENSADA,PREEMPCAO,50,24.16,1.4825,23.585,1.2175,-0.585,-1.05,-0.08,318,0.0020406,0.0142842,-3.43135,0.00122869,0.710193,-0.2996,pequeno
T1,multiplas_emergencias,travessia do VE (s),PREEMPCAO,FIXO,50,368.545,8.22727,252.973,7.69318,-117.627,-119.873,-114.327,0,1.77636e-15,4.08562e-14,-108.087,5.83307e-60,0.709598,-1,grande
T1,multiplas_emergencias,travessia do VE (s),PREEMPCAO_COMPENSADA,FIXO,50,368.545,8.22727,250.159,9.06818,-118.268,-120.518,-114.843,0,1.77636e-15,4.08562e-14,-97.1753,1.04759e-57,0.69635,-1,grande
T1,multiplas_emergencias,travessia do VE (s),PREEMPCAO_ML,FIXO,50,368.545,8.22727,254.964,9.07727,-113.255,-116.99,-111.27,0,1.77636e-15,4.08562e-14,-87.4121,1.82284e-55,0.169485,-1,grande
T3,multiplas_emergencias,espera transversal (s),PREEMPCAO,FIXO,50,15.36,0.305,18.425,0.645,3.01,2.75,3.24,0,7.5518e-10,1.05701e-08,39.3049,1.02518e-38,0.752637,1,grande
T3,multiplas_emergencias,espera transversal (s),PREEMPCAO_COMPENSADA,FIXO,50,15.36,0.305,18.655,0.6275,3.32,3.115,3.46,0,1.77636e-15,4.08562e-14,40.3675,2.88285e-39,0.522679,1,grande
T3,multiplas_emergencias,espera transversal (s),PREEMPCAO_ML,FIXO,50,15.36,0.305,18.62,0.7875,3.24,3,3.47,0,7.55351e-10,1.05701e-08,37.3696,1.1253e-37,0.4876,1,grande
T3,multiplas_emergencias,espera transversal (s),PREEMPCAO_COMPENSADA,PREEMPCAO,50,18.425,0.645,18.655,0.6275,0.19,-0.02,0.375,383.5,0.0142046,0.071023,2.62812,0.0114329,0.620261,0.318,pequeno
H4,multiplas_emergencias,tempo do VE mais prejudicado (s),PREEMPCAO_ML,PREEMPCAO,50,317.882,14.8492,313.325,15.615,-4.62,-11.02,2.58333,441,0.0580354,0.174106,-1.88666,0.0651388,0.248126,-0.2208,pequeno
