id_execucao,cenario,modo,seed,versao_codigo,duracao_s,aquecimento_s,veiculos_planejados,veiculos_completos,ves_completos,tempo_medio_travessia_ve_s,paradas_medias_ve,tempo_espera_medio_transversal_s,atraso_total_rede_s,latencia_media_ms,latencia_p95_ms,latencia_p99_ms,latencia_max_ms,colisoes,teleportes,violacoes,transicoes,eventos_conflito,eventos_conflito_decidiveis,passos_em_conflito
-1,moderado,FIXO,101,ba44b27,3600,300,5311,4935,5,494.34,5.80,15.96,401309.10,0.0000,0.0000,0.0000,0.0000,0,0,0,2448,0,0,0
-1,moderado,PREEMPCAO,101,ba44b27,3600,300,5311,5005,5,306.58,0.20,18.08,235463.88,0.0391,0.0890,0.1186,0.2850,0,0,0,2483,0,0,0
-1,intenso,FIXO,101,ba44b27,3600,300,9080,8442,5,516.44,6.00,16.17,775681.08,0.0000,0.0000,0.0000,0.0000,0,0,0,2448,0,0,0
-1,intenso,PREEMPCAO,101,ba44b27,3600,300,9080,8547,5,372.20,0.20,22.88,637711.77,0.0503,0.1041,0.1443,0.9837,0,0,0,2494,0,0,0
-1,moderado,FIXO,102,ba44b27,3600,300,5384,5014,5,481.48,5.80,15.12,399132.06,0.0000,0.0000,0.0000,0.0000,0,0,0,2448,0,0,0
-1,moderado,PREEMPCAO,102,ba44b27,3600,300,5384,5073,5,322.14,0.40,18.83,241558.58,0.0394,0.0878,0.1151,0.4374,0,0,0,2487,0,0,0
-1,intenso,FIXO,102,ba44b27,3600,300,9217,8579,5,549.70,6.40,16.82,784230.01,0.0000,0.0000,0.0000,0.0000,0,0,0,2448,0,0,0
-1,intenso,PREEMPCAO,102,ba44b27,3600,300,9217,8663,5,387.50,0.60,26.59,670073.35,0.0564,0.1176,0.1609,1.3471,0,0,0,2503,0,0,0
-1,moderado,FIXO,103,ba44b27,3600,300,5282,4907,5,480.36,5.40,15.72,405845.85,0.0000,0.0000,0.0000,0.0000,0,0,0,2448,0,0,0
-1,moderado,PREEMPCAO,103,ba44b27,3600,300,5282,4974,5,294.48,0.20,18.12,236675.65,0.0395,0.0962,0.1298,0.5805,0,0,0,2483,0,0,0
-1,intenso,FIXO,103,ba44b27,3600,300,9079,8447,5,538.42,6.00,16.02,770609.81,0.0000,0.0000,0.0000,0.0000,0,0,0,2448,0,0,0
-1,intenso,PREEMPCAO,103,ba44b27,3600,300,9079,8500,5,397.32,0.40,24.69,687673.42,0.0617,0.1299,0.1823,0.5684,0,0,0,2512,0,0,0
-1,moderado,FIXO,104,ba44b27,3600,300,5332,4996,5,497.96,5.80,15.63,413467.86,0.0000,0.0000,0.0000,0.0000,0,0,0,2448,0,0,0
-1,moderado,PREEMPCAO,104,ba44b27,3600,300,5332,5067,6,319.10,0.17,17.53,221512.44,0.0430,0.0971,0.1305,0.4351,0,0,0,2481,0,0,0
-1,intenso,FIXO,104,ba44b27,3600,300,9222,8586,5,560.32,6.60,16.25,780426.05,0.0000,0.0000,0.0000,0.0000,0,0,0,2448,0,0,0
-1,intenso,PREEMPCAO,104,ba44b27,3600,300,9222,8652,5,392.28,0.60,25.27,687248.55,0.0587,0.1181,0.1666,0.6069,0,0,0,2510,0,0,0
-1,moderado,FIXO,105,ba44b27,3600,300,5409,5047,5,486.74,4.80,15.29,418166.23,0.0000,0.0000,0.0000,0.0000,0,0,0,2448,0,0,0
-1,moderado,PREEMPCAO,105,ba44b27,3600,300,5409,5130,5,316.44,0.20,18.07,254151.85,0.0416,0.0932,0.1234,0.2995,0,0,0,2490,0,0,0
-1,intenso,FIXO,105,ba44b27,3600,300,9139,8474,5,516.66,5.80,15.36,760721.41,0.0000,0.0000,0.0000,0.0000,0,0,0,2448,0,0,0
-1,intenso,PREEMPCAO,105,ba44b27,3600,300,9139,8561,5,388.48,0.40,24.17,651523.07,0.0568,0.1153,0.1628,0.3258,0,0,0,2518,0,0,0
