ganho_compensacao_k,n_ciclos_compensacao,execucoes_validas,eliminada,mitigacao_moderado,mitigacao_intenso,pontuacao,travessia_ve_compensada_moderado_s,travessia_ve_compensada_intenso_s,escolhida
0.25,1,10/10,0,-0.0457,0.0512,0.0027,316.29,392.11,0
0.5,1,10/10,0,-0.0999,0.0661,-0.0169,315.30,386.09,0
0.7,1,10/10,0,-0.1580,0.1052,-0.0264,317.72,389.31,0
1,1,10/10,0,-0.1216,0.0570,-0.0323,320.68,386.27,0
1.5,1,10/10,0,-0.1782,0.0805,-0.0488,316.82,394.54,0
0.25,2,10/10,0,-0.0999,-0.0081,-0.0540,315.41,388.44,0
0.5,2,10/10,0,-0.1170,0.0358,-0.0406,318.96,393.37,0
0.7,2,10/10,0,-0.0821,0.0500,-0.0160,317.23,396.22,0
1,2,10/10,0,-0.1115,0.1082,-0.0017,310.00,388.21,0
1.5,2,10/10,0,-0.0527,0.0933,0.0203,312.79,400.19,0
0.25,3,10/10,0,-0.1247,0.0882,-0.0183,319.50,387.82,0
0.5,3,10/10,0,-0.1185,0.1033,-0.0076,315.77,400.78,0
0.7,3,10/10,0,-0.0194,0.0477,0.0142,310.01,398.43,0
1,3,10/10,0,0.0085,0.1166,0.0625,314.18,397.82,1
1.5,3,10/10,0,0.0000,-0.0195,-0.0098,310.74,401.90,0
