sessao,t_deteccao,rua,uid,desfecho,t_decisao,latencia_ms,veiculo,uno_ms,versao_codigo
2026-10-07T16:18:08.177357+00:00,2026-10-07T16:20:44.004916+00:00,1,F39BD606,PREEMP_INI,2026-10-07T16:20:44.029340+00:00,24.424,AMBULANCIA,154084,5409d93
2026-10-07T16:18:08.177357+00:00,2026-10-07T16:21:00.919482+00:00,2,1BD2308E,PREEMP_INI,2026-10-07T16:21:00.946871+00:00,27.389,AMBULANCIA,170996,5409d93
2026-10-07T16:18:08.177357+00:00,2026-10-07T16:21:32.794206+00:00,3,B7EF8FA0,PREEMP_INI,2026-10-07T16:21:32.819033+00:00,24.827,AMBULANCIA,202860,5409d93
2026-10-07T16:18:08.177357+00:00,2026-10-07T16:21:48.499433+00:00,4,97ABAFA0,PREEMP_INI,2026-10-07T16:21:48.524434+00:00,25.001,AMBULANCIA,218561,5409d93
2026-10-07T16:18:08.177357+00:00,2026-10-07T16:22:08.923411+00:00,1,F39BD606,PREEMP_INI,2026-10-07T16:22:08.949253+00:00,25.842,AMBULANCIA,238981,5409d93
2026-10-07T16:18:08.177357+00:00,2026-10-07T16:22:24.267622+00:00,2,1BD2308E,PREEMP_INI,2026-10-07T16:22:24.293649+00:00,26.027,AMBULANCIA,254321,5409d93
2026-10-07T16:18:08.177357+00:00,2026-10-07T16:22:42.963351+00:00,3,B7EF8FA0,PREEMP_INI,2026-10-07T16:22:43.006662+00:00,43.311,AMBULANCIA,273002,5409d93
2026-10-07T16:18:08.177357+00:00,2026-10-07T16:23:02.496647+00:00,4,97ABAFA0,PREEMP_INI,2026-10-07T16:23:02.522672+00:00,26.025,AMBULANCIA,292539,5409d93
2026-10-07T16:18:08.177357+00:00,2026-10-07T16:23:22.280938+00:00,1,F39BD606,PREEMP_INI,2026-10-07T16:23:22.310982+00:00,30.044,AMBULANCIA,312322,5409d93
2026-10-07T16:18:08.177357+00:00,2026-10-07T16:23:48.236414+00:00,2,1BD2308E,PREEMP_INI,2026-10-07T16:23:48.261006+00:00,24.592,AMBULANCIA,338265,5409d93
2026-10-07T16:18:08.177357+00:00,2026-10-07T16:24:04.033819+00:00,3,B7EF8FA0,PREEMP_INI,2026-10-07T16:24:04.060829+00:00,27.010,AMBULANCIA,354061,5409d93
2026-10-07T16:18:08.177357+00:00,2026-10-07T16:24:22.196475+00:00,4,97ABAFA0,PREEMP_INI,2026-10-07T16:24:22.222977+00:00,26.502,AMBULANCIA,372218,5409d93
2026-10-07T16:18:08.177357+00:00,2026-10-07T16:24:40.051990+00:00,1,F39BD606,PREEMP_INI,2026-10-07T16:24:40.080995+00:00,29.005,AMBULANCIA,390072,5409d93
2026-10-07T16:18:08.177357+00:00,2026-10-07T16:25:00.877428+00:00,2,1BD2308E,PREEMP_INI,2026-10-07T16:25:00.901455+00:00,24.027,AMBULANCIA,410886,5409d93
2026-10-07T16:18:08.177357+00:00,2026-10-07T16:25:17.679806+00:00,3,B7EF8FA0,PREEMP_INI,2026-10-07T16:25:17.704375+00:00,24.569,AMBULANCIA,427684,5409d93
2026-10-07T16:18:08.177357+00:00,2026-10-07T16:25:35.406442+00:00,4,97ABAFA0,PREEMP_INI,2026-10-07T16:25:35.431484+00:00,25.042,AMBULANCIA,445407,5409d93
2026-10-07T16:18:08.177357+00:00,2026-10-07T16:25:51.101717+00:00,1,F39BD606,PREEMP_INI,2026-10-07T16:25:51.127323+00:00,25.606,AMBULANCIA,461100,5409d93
2026-10-07T16:18:08.177357+00:00,2026-10-07T16:26:08.629790+00:00,2,1BD2308E,PREEMP_INI,2026-10-07T16:26:08.658750+00:00,28.960,AMBULANCIA,478626,5409d93
2026-10-07T16:18:08.177357+00:00,2026-10-07T16:26:25.899841+00:00,3,B7EF8FA0,PREEMP_INI,2026-10-07T16:26:25.923749+00:00,23.908,AMBULANCIA,495887,5409d93
2026-10-07T16:18:08.177357+00:00,2026-10-07T16:26:42.131222+00:00,4,97ABAFA0,PREEMP_INI,2026-10-07T16:26:42.155322+00:00,24.100,AMBULANCIA,512113,5409d93
2026-10-07T16:18:08.177357+00:00,2026-10-07T16:27:01.305867+00:00,1,F39BD606,PREEMP_INI,2026-10-07T16:27:01.337484+00:00,31.617,AMBULANCIA,531290,5409d93
2026-10-07T16:18:08.177357+00:00,2026-10-07T16:27:20.075633+00:00,2,1BD2308E,PREEMP_INI,2026-10-07T16:27:20.099644+00:00,24.011,AMBULANCIA,550048,5409d93
2026-10-07T16:18:08.177357+00:00,2026-10-07T16:27:36.155033+00:00,3,B7EF8FA0,PREEMP_INI,2026-10-07T16:27:36.181498+00:00,26.465,AMBULANCIA,566124,5409d93
2026-10-07T16:18:08.177357+00:00,2026-10-07T16:27:54.015605+00:00,4,97ABAFA0,PREEMP_INI,2026-10-07T16:27:54.039623+00:00,24.018,AMBULANCIA,583979,5409d93
2026-10-07T16:18:08.177357+00:00,2026-10-07T16:28:18.572866+00:00,1,F39BD606,PREEMP_INI,2026-10-07T16:28:18.610456+00:00,37.590,AMBULANCIA,608543,5409d93
2026-10-07T16:18:08.177357+00:00,2026-10-07T16:28:34.319708+00:00,2,1BD2308E,PREEMP_INI,2026-10-07T16:28:34.344688+00:00,24.980,AMBULANCIA,624272,5409d93
2026-10-07T16:18:08.177357+00:00,2026-10-07T16:28:54.208045+00:00,3,B7EF8FA0,PREEMP_INI,2026-10-07T16:28:54.235407+00:00,27.362,AMBULANCIA,644158,5409d93
2026-10-07T16:18:08.177357+00:00,2026-10-07T16:29:13.512291+00:00,4,97ABAFA0,PREEMP_INI,2026-10-07T16:29:13.541258+00:00,28.967,AMBULANCIA,663458,5409d93
2026-10-07T16:18:08.177357+00:00,2026-10-07T16:29:28.937669+00:00,1,F39BD606,PREEMP_INI,2026-10-07T16:29:28.962703+00:00,25.034,AMBULANCIA,678876,5409d93
2026-10-07T16:18:08.177357+00:00,2026-10-07T16:29:49.154429+00:00,2,1BD2308E,PREEMP_INI,2026-10-07T16:29:49.180406+00:00,25.977,AMBULANCIA,699087,5409d93
2026-10-07T16:18:08.177357+00:00,2026-10-07T16:30:07.724178+00:00,3,B7EF8FA0,PREEMP_INI,2026-10-07T16:30:07.750182+00:00,26.004,AMBULANCIA,717651,5409d93
2026-10-07T16:18:08.177357+00:00,2026-10-07T16:30:22.022274+00:00,4,97ABAFA0,PREEMP_INI,2026-10-07T16:30:22.047826+00:00,25.552,AMBULANCIA,731947,5409d93
2026-10-07T16:18:08.177357+00:00,2026-10-07T16:30:39.014819+00:00,1,F39BD606,PREEMP_INI,2026-10-07T16:30:39.038844+00:00,24.025,AMBULANCIA,748934,5409d93
2026-10-07T16:18:08.177357+00:00,2026-10-07T16:30:59.691705+00:00,2,1BD2308E,PREEMP_INI,2026-10-07T16:30:59.715242+00:00,23.537,AMBULANCIA,769604,5409d93
2026-10-07T16:18:08.177357+00:00,2026-10-07T16:31:13.379809+00:00,3,B7EF8FA0,PREEMP_INI,2026-10-07T16:31:13.404843+00:00,25.034,AMBULANCIA,783290,5409d93
2026-10-07T16:18:08.177357+00:00,2026-10-07T16:31:33.598187+00:00,4,97ABAFA0,PREEMP_INI,2026-10-07T16:31:33.644536+00:00,46.349,AMBULANCIA,803501,5409d93
2026-10-07T16:18:08.177357+00:00,2026-10-07T16:31:52.746844+00:00,1,F39BD606,PREEMP_INI,2026-10-07T16:31:52.775394+00:00,28.550,AMBULANCIA,822649,5409d93
2026-10-07T16:18:08.177357+00:00,2026-10-07T16:32:07.304546+00:00,2,1BD2308E,PREEMP_INI,2026-10-07T16:32:07.328506+00:00,23.960,AMBULANCIA,837199,5409d93
2026-10-07T16:18:08.177357+00:00,2026-10-07T16:32:25.412232+00:00,3,B7EF8FA0,PREEMP_INI,2026-10-07T16:32:25.436620+00:00,24.388,AMBULANCIA,855302,5409d93
2026-10-07T16:18:08.177357+00:00,2026-10-07T16:32:41.645114+00:00,4,97ABAFA0,PREEMP_INI,2026-10-07T16:32:41.674127+00:00,29.013,AMBULANCIA,871535,5409d93
2026-10-07T16:18:08.177357+00:00,2026-10-07T16:33:01.354417+00:00,1,F39BD606,PREEMP_INI,2026-10-07T16:33:01.378436+00:00,24.019,AMBULANCIA,891235,5409d93
2026-10-07T16:18:08.177357+00:00,2026-10-07T16:33:16.948675+00:00,2,1BD2308E,PREEMP_INI,2026-10-07T16:33:16.973263+00:00,24.588,AMBULANCIA,906825,5409d93
2026-10-07T16:18:08.177357+00:00,2026-10-07T16:33:34.754753+00:00,3,B7EF8FA0,PREEMP_INI,2026-10-07T16:33:34.779707+00:00,24.954,AMBULANCIA,924625,5409d93
2026-10-07T16:18:08.177357+00:00,2026-10-07T16:33:53.106086+00:00,4,97ABAFA0,PREEMP_INI,2026-10-07T16:33:53.106200+00:00,0.114,AMBULANCIA,942427,5409d93
2026-10-07T16:18:08.177357+00:00,2026-10-07T16:34:32.556446+00:00,1,F39BD606,PREEMP_INI,2026-10-07T16:34:32.580473+00:00,24.027,AMBULANCIA,982412,5409d93
2026-10-07T16:18:08.177357+00:00,2026-10-07T16:34:46.627751+00:00,2,1BD2308E,PREEMP_INI,2026-10-07T16:34:46.651714+00:00,23.963,AMBULANCIA,996478,5409d93
2026-10-07T16:18:08.177357+00:00,2026-10-07T16:35:04.332309+00:00,3,B7EF8FA0,PREEMP_INI,2026-10-07T16:35:04.361782+00:00,29.473,AMBULANCIA,1014184,5409d93
2026-10-07T16:18:08.177357+00:00,2026-10-07T16:35:21.861225+00:00,4,97ABAFA0,PREEMP_INI,2026-10-07T16:35:21.885201+00:00,23.976,AMBULANCIA,1031702,5409d93
2026-10-07T16:18:08.177357+00:00,2026-10-07T16:35:43.932361+00:00,1,F39BD606,PREEMP_INI,2026-10-07T16:35:43.956397+00:00,24.036,AMBULANCIA,1053767,5409d93
2026-10-07T16:18:08.177357+00:00,2026-10-07T16:36:01.253391+00:00,2,1BD2308E,PREEMP_INI,2026-10-07T16:36:01.277824+00:00,24.433,AMBULANCIA,1071083,5409d93
2026-10-07T16:18:08.177357+00:00,2026-10-07T16:36:21.496770+00:00,3,B7EF8FA0,PREEMP_INI,2026-10-07T16:36:21.521166+00:00,24.396,AMBULANCIA,1091322,5409d93
2026-10-07T16:18:08.177357+00:00,2026-10-07T16:36:39.477298+00:00,4,97ABAFA0,PREEMP_INI,2026-10-07T16:36:39.501854+00:00,24.556,AMBULANCIA,1109299,5409d93
2026-10-07T16:18:08.177357+00:00,2026-10-07T16:37:04.340584+00:00,1,F39BD606,PREEMP_INI,2026-10-07T16:37:04.364173+00:00,23.589,AMBULANCIA,1134154,5409d93
2026-10-07T16:18:08.177357+00:00,2026-10-07T16:37:28.135539+00:00,2,1BD2308E,PREEMP_INI,2026-10-07T16:37:28.159954+00:00,24.415,AMBULANCIA,1157944,5409d93
2026-10-07T16:18:08.177357+00:00,2026-10-07T16:37:56.898992+00:00,3,B7EF8FA0,PREEMP_INI,2026-10-07T16:37:56.923323+00:00,24.331,AMBULANCIA,1186700,5409d93
2026-10-07T16:18:08.177357+00:00,2026-10-07T16:38:22.396341+00:00,4,97ABAFA0,PREEMP_INI,2026-10-07T16:38:22.420358+00:00,24.017,AMBULANCIA,1212189,5409d93
2026-10-07T16:18:08.177357+00:00,2026-10-07T16:38:40.662438+00:00,1,F39BD606,PREEMP_INI,2026-10-07T16:38:40.687324+00:00,24.886,AMBULANCIA,1230451,5409d93
2026-10-07T16:18:08.177357+00:00,2026-10-07T16:38:57.246353+00:00,2,1BD2308E,PREEMP_INI,2026-10-07T16:38:57.270801+00:00,24.448,AMBULANCIA,1247031,5409d93
2026-10-07T16:18:08.177357+00:00,2026-10-07T16:39:36.279352+00:00,3,B7EF8FA0,PREEMP_INI,2026-10-07T16:39:36.308357+00:00,29.005,AMBULANCIA,1286056,5409d93
2026-10-07T16:18:08.177357+00:00,2026-10-07T16:41:57.202471+00:00,1,F39BD606,PREEMP_INI,2026-10-07T16:41:57.226870+00:00,24.399,AMBULANCIA,1426937,5409d93
2026-10-07T16:18:08.177357+00:00,2026-10-07T16:42:29.859231+00:00,2,1BD2308E,PREEMP_INI,2026-10-07T16:42:29.883668+00:00,24.437,AMBULANCIA,1459587,5409d93
2026-10-07T16:18:08.177357+00:00,2026-10-07T16:42:52.032422+00:00,3,B7EF8FA0,PREEMP_INI,2026-10-07T16:42:52.057451+00:00,25.029,AMBULANCIA,1481753,5409d93
2026-10-07T16:18:08.177357+00:00,2026-10-07T16:43:07.324309+00:00,4,97ABAFA0,PREEMP_INI,2026-10-07T16:43:07.349644+00:00,25.335,AMBULANCIA,1497042,5409d93
2026-10-07T16:18:08.177357+00:00,2026-10-07T16:43:26.371451+00:00,1,F39BD606,PREEMP_INI,2026-10-07T16:43:26.396473+00:00,25.022,AMBULANCIA,1516085,5409d93
2026-10-07T16:18:08.177357+00:00,2026-10-07T16:43:44.199520+00:00,2,1BD2308E,PREEMP_INI,2026-10-07T16:43:44.223538+00:00,24.018,AMBULANCIA,1533906,5409d93
2026-10-07T16:18:08.177357+00:00,2026-10-07T16:44:01.465527+00:00,3,B7EF8FA0,PREEMP_INI,2026-10-07T16:44:01.498558+00:00,33.031,AMBULANCIA,1551176,5409d93
2026-10-07T16:18:08.177357+00:00,2026-10-07T16:44:18.480960+00:00,4,97ABAFA0,PREEMP_INI,2026-10-07T16:44:18.507926+00:00,26.966,AMBULANCIA,1568182,5409d93
2026-10-07T16:18:08.177357+00:00,2026-10-07T16:44:35.295919+00:00,1,F39BD606,PREEMP_INI,2026-10-07T16:44:35.322504+00:00,26.585,AMBULANCIA,1584991,5409d93
2026-10-07T16:18:08.177357+00:00,2026-10-07T16:44:53.534056+00:00,2,1BD2308E,PREEMP_INI,2026-10-07T16:44:53.558658+00:00,24.602,AMBULANCIA,1603223,5409d93
2026-10-07T16:18:08.177357+00:00,2026-10-07T16:45:15.121570+00:00,3,B7EF8FA0,PREEMP_INI,2026-10-07T16:45:15.151158+00:00,29.588,AMBULANCIA,1624810,5409d93
2026-10-07T16:18:08.177357+00:00,2026-10-07T16:45:28.130653+00:00,4,97ABAFA0,PREEMP_INI,2026-10-07T16:45:28.154670+00:00,24.017,AMBULANCIA,1637809,5409d93
2026-10-07T16:18:08.177357+00:00,2026-10-07T16:45:48.423000+00:00,1,F39BD606,PREEMP_INI,2026-10-07T16:45:48.449047+00:00,26.047,AMBULANCIA,1658098,5409d93
2026-10-07T16:18:08.177357+00:00,2026-10-07T16:46:09.069515+00:00,2,1BD2308E,PREEMP_INI,2026-10-07T16:46:09.093825+00:00,24.310,AMBULANCIA,1678737,5409d93
2026-10-07T16:18:08.177357+00:00,2026-10-07T16:46:27.992653+00:00,3,B7EF8FA0,PREEMP_INI,2026-10-07T16:46:28.029669+00:00,37.016,AMBULANCIA,1697669,5409d93
2026-10-07T16:18:08.177357+00:00,2026-10-07T16:46:44.403542+00:00,4,97ABAFA0,PREEMP_INI,2026-10-07T16:46:44.427957+00:00,24.415,AMBULANCIA,1714062,5409d93
2026-10-07T16:18:08.177357+00:00,2026-10-07T16:47:02.056621+00:00,1,F39BD606,PREEMP_INI,2026-10-07T16:47:02.080648+00:00,24.027,AMBULANCIA,1731710,5409d93
2026-10-07T16:18:08.177357+00:00,2026-10-07T16:47:24.455230+00:00,2,1BD2308E,PREEMP_INI,2026-10-07T16:47:24.479220+00:00,23.990,AMBULANCIA,1754103,5409d93
2026-10-07T16:18:08.177357+00:00,2026-10-07T16:47:41.448328+00:00,3,B7EF8FA0,PREEMP_INI,2026-10-07T16:47:41.474245+00:00,25.917,AMBULANCIA,1771094,5409d93
2026-10-07T16:18:08.177357+00:00,2026-10-07T16:47:59.460756+00:00,4,97ABAFA0,PREEMP_INI,2026-10-07T16:47:59.485784+00:00,25.028,AMBULANCIA,1789101,5409d93
2026-10-07T16:18:08.177357+00:00,2026-10-07T16:48:25.717813+00:00,1,F39BD606,PREEMP_INI,2026-10-07T16:48:25.742412+00:00,24.599,AMBULANCIA,1815350,5409d93
2026-10-07T16:18:08.177357+00:00,2026-10-07T16:48:40.550135+00:00,2,1BD2308E,PREEMP_INI,2026-10-07T16:48:40.576790+00:00,26.655,AMBULANCIA,1830177,5409d93
2026-10-07T16:18:08.177357+00:00,2026-10-07T16:48:59.116288+00:00,3,B7EF8FA0,PREEMP_INI,2026-10-07T16:48:59.140688+00:00,24.400,AMBULANCIA,1848738,5409d93
2026-10-07T16:18:08.177357+00:00,2026-10-07T16:49:16.567768+00:00,4,97ABAFA0,PREEMP_INI,2026-10-07T16:49:16.591981+00:00,24.213,AMBULANCIA,1866185,5409d93
2026-10-07T16:18:08.177357+00:00,2026-10-07T16:49:35.234683+00:00,1,F39BD606,PREEMP_INI,2026-10-07T16:49:35.258495+00:00,23.812,AMBULANCIA,1884847,5409d93
2026-10-07T16:18:08.177357+00:00,2026-10-07T16:49:51.513427+00:00,2,1BD2308E,PREEMP_INI,2026-10-07T16:49:51.539824+00:00,26.397,AMBULANCIA,1901122,5409d93
2026-10-07T16:18:08.177357+00:00,2026-10-07T16:50:09.645540+00:00,3,B7EF8FA0,PREEMP_INI,2026-10-07T16:50:09.674566+00:00,29.026,AMBULANCIA,1919253,5409d93
2026-10-07T16:18:08.177357+00:00,2026-10-07T16:50:25.953857+00:00,4,97ABAFA0,PREEMP_INI,2026-10-07T16:50:25.977852+00:00,23.995,AMBULANCIA,1935552,5409d93
2026-10-07T16:18:08.177357+00:00,2026-10-07T16:50:43.553940+00:00,1,F39BD606,PREEMP_INI,2026-10-07T16:50:43.578898+00:00,24.958,AMBULANCIA,1953148,5409d93
2026-10-07T16:18:08.177357+00:00,2026-10-07T16:51:02.363143+00:00,2,1BD2308E,PREEMP_INI,2026-10-07T16:51:02.389106+00:00,25.963,AMBULANCIA,1971951,5409d93
2026-10-07T16:18:08.177357+00:00,2026-10-07T16:51:24.231385+00:00,3,B7EF8FA0,PREEMP_INI,2026-10-07T16:51:24.257287+00:00,25.902,AMBULANCIA,1993815,5409d93
2026-10-07T16:18:08.177357+00:00,2026-10-07T16:51:43.252482+00:00,4,97ABAFA0,PREEMP_INI,2026-10-07T16:51:43.277513+00:00,25.031,AMBULANCIA,2012829,5409d93
2026-10-07T16:18:08.177357+00:00,2026-10-07T16:52:04.990018+00:00,1,F39BD606,PREEMP_INI,2026-10-07T16:52:05.014458+00:00,24.440,AMBULANCIA,2034562,5409d93
2026-10-07T16:18:08.177357+00:00,2026-10-07T16:52:34.396460+00:00,2,1BD2308E,PREEMP_INI,2026-10-07T16:52:34.420479+00:00,24.019,AMBULANCIA,2063960,5409d93
2026-10-07T16:18:08.177357+00:00,2026-10-07T16:52:48.801150+00:00,3,B7EF8FA0,PREEMP_INI,2026-10-07T16:52:48.825171+00:00,24.021,AMBULANCIA,2078361,5409d93
2026-10-07T16:18:08.177357+00:00,2026-10-07T16:53:07.366820+00:00,4,97ABAFA0,PREEMP_INI,2026-10-07T16:53:07.390171+00:00,23.351,AMBULANCIA,2096921,5409d93
2026-10-07T16:18:08.177357+00:00,2026-10-07T16:53:23.671319+00:00,1,F39BD606,PREEMP_INI,2026-10-07T16:53:23.696273+00:00,24.954,AMBULANCIA,2113221,5409d93
2026-10-07T16:18:08.177357+00:00,2026-10-07T16:53:47.789296+00:00,2,1BD2308E,PREEMP_INI,2026-10-07T16:53:47.798061+00:00,8.765,AMBULANCIA,2137318,5409d93
2026-10-07T16:18:08.177357+00:00,2026-10-07T16:54:08.905502+00:00,3,B7EF8FA0,PREEMP_INI,2026-10-07T16:54:08.930926+00:00,25.424,AMBULANCIA,2158445,5409d93
2026-10-07T16:18:08.177357+00:00,2026-10-07T16:54:31.991655+00:00,4,97ABAFA0,PREEMP_INI,2026-10-07T16:54:32.015996+00:00,24.341,AMBULANCIA,2181530,5409d93
2026-10-07T16:18:08.177357+00:00,2026-10-07T16:54:48.678155+00:00,4,97ABAFA0,PREEMP_INI,2026-10-07T16:54:48.702588+00:00,24.433,AMBULANCIA,2198206,5409d93
2026-10-07T17:44:10.212497+00:00,2026-10-07T17:54:15.951785+00:00,3,B7EF8FA0,PREEMP_INI,2026-10-07T17:54:15.977849+00:00,26.064,AMBULANCIA,603874,71a8b96
2026-10-07T17:44:10.212497+00:00,2026-10-07T17:56:32.444731+00:00,3,B7EF8FA0,PREEMP_INI,2026-10-07T17:56:32.470374+00:00,25.643,AMBULANCIA,740329,71a8b96
2026-10-08T00:32:44.495549+00:00,2026-10-08T00:34:02.154510+00:00,1,F39BD606,PREEMP_INI,2026-10-08T00:34:02.201965+00:00,47.455,AMBULANCIA,76002,bc88ecd
