id_execucao,cenario,modo,seed,versao_codigo,duracao_s,aquecimento_s,veiculos_planejados,veiculos_completos,ves_completos,tempo_medio_travessia_ve_s,paradas_medias_ve,tempo_espera_medio_transversal_s,atraso_total_rede_s,latencia_media_ms,latencia_p95_ms,latencia_p99_ms,latencia_max_ms,colisoes,teleportes,violacoes,transicoes
5,leve,PREEMPCAO_COMPENSADA,1,d081473,3600,300,2280,2175,6,256.05,0.00,18.72,82031.24,0.0363,0.0914,0.1175,0.3931,0,0,0,2448
8,moderado,FIXO,1,d081473,3600,300,5278,4899,5,497.78,5.60,15.35,400527.70,0.0000,0.0000,0.0000,0.0000,0,0,0,2448
7,moderado,PREEMPCAO,1,d081473,3600,300,5278,4955,6,340.58,1.00,18.82,261714.30,0.0413,0.0970,0.1340,0.5200,0,0,0,2496
6,moderado,PREEMPCAO_COMPENSADA,1,d081473,3600,300,5278,4971,5,349.16,1.00,18.25,250998.33,0.0489,0.1105,0.1496,1.8133,0,0,0,2458
9,intenso,FIXO,1,d081473,3600,300,9100,8463,5,517.06,5.80,16.38,771568.54,0.0000,0.0000,0.0000,0.0000,0,0,0,2448
10,intenso,PREEMPCAO,1,d081473,3600,300,9100,8503,5,438.38,2.20,21.46,707685.27,0.0534,0.1111,0.1525,0.6462,0,0,0,2457
11,intenso,PREEMPCAO_COMPENSADA,1,d081473,3600,300,9100,8527,5,421.48,2.00,21.60,728950.01,0.0636,0.1311,0.1825,1.0535,0,0,0,2439
12,multiplas_emergencias,FIXO,1,d081473,3600,300,5284,4905,11,321.87,3.09,15.35,400977.67,0.0000,0.0000,0.0000,0.0000,0,0,0,2448
13,multiplas_emergencias,PREEMPCAO,1,d081473,3600,300,5284,4996,12,259.22,0.92,17.58,265773.47,0.0502,0.1226,0.1681,0.9782,0,0,0,2497
14,multiplas_emergencias,PREEMPCAO_COMPENSADA,1,d081473,3600,300,5284,4985,12,246.30,0.42,18.43,263583.48,0.0591,0.1445,0.1959,0.7575,0,0,0,2458
17,leve,PREEMPCAO_COMPENSADA,2,d081473,3600,300,2266,2146,6,264.50,0.33,19.11,79356.30,0.0392,0.1000,0.1416,0.6383,0,0,0,2467
18,moderado,FIXO,2,d081473,3600,300,5348,5000,5,480.52,5.80,15.31,406737.61,0.0000,0.0000,0.0000,0.0000,0,0,0,2448
19,moderado,PREEMPCAO,2,d081473,3600,300,5348,5067,6,321.70,0.50,17.80,244225.31,0.0447,0.1091,0.1540,3.2049,0,0,0,2478
20,moderado,PREEMPCAO_COMPENSADA,2,d081473,3600,300,5348,5077,6,322.45,0.83,17.90,274190.17,0.0559,0.1303,0.1826,0.5920,0,0,0,2436
21,intenso,FIXO,2,d081473,3600,300,9169,8554,5,519.72,5.80,16.19,774773.59,0.0000,0.0000,0.0000,0.0000,0,0,0,2448
22,intenso,PREEMPCAO,2,d081473,3600,300,9169,8616,5,451.90,3.20,20.25,730207.88,0.0669,0.1373,0.1843,1.4344,0,0,0,2462
23,intenso,PREEMPCAO_COMPENSADA,2,d081473,3600,300,9169,8590,5,422.08,1.40,20.10,703010.43,0.0755,0.1542,0.2132,4.8545,0,0,0,2446
24,multiplas_emergencias,FIXO,2,d081473,3600,300,5354,5006,11,307.95,3.27,15.28,407163.80,0.0000,0.0000,0.0000,0.0000,0,0,0,2448
25,multiplas_emergencias,PREEMPCAO,2,d081473,3600,300,5354,5065,11,234.90,0.45,17.89,254982.91,0.0574,0.1416,0.1937,1.1663,0,0,0,2491
26,multiplas_emergencias,PREEMPCAO_COMPENSADA,2,d081473,3600,300,5354,5080,12,237.29,0.58,17.17,258857.68,0.0670,0.1568,0.2161,0.7442,0,0,0,2441
27,leve,FIXO,3,d081473,3600,300,2299,2111,5,421.16,5.40,19.78,159926.70,0.0000,0.0000,0.0000,0.0000,0,0,0,2448
28,leve,PREEMPCAO,3,d081473,3600,300,2299,2156,6,263.52,0.17,19.69,82745.33,0.0366,0.1008,0.1506,0.7472,0,0,0,2494
29,leve,PREEMPCAO_COMPENSADA,3,d081473,3600,300,2299,2165,6,260.18,0.67,18.66,90229.08,0.0449,0.1142,0.1666,2.7077,0,0,0,2457
30,moderado,FIXO,3,d081473,3600,300,5373,4984,5,482.80,5.40,15.18,400382.22,0.0000,0.0000,0.0000,0.0000,0,0,0,2448
31,moderado,PREEMPCAO,3,d081473,3600,300,5373,5063,5,324.32,0.60,17.71,245506.20,0.0479,0.1164,0.1629,0.9285,0,0,0,2461
32,moderado,PREEMPCAO_COMPENSADA,3,d081473,3600,300,5373,5065,5,346.72,0.80,17.74,271764.26,0.0591,0.1340,0.1809,0.6598,0,0,0,2451
33,intenso,FIXO,3,d081473,3600,300,9073,8411,5,572.14,7.20,16.25,774326.73,0.0000,0.0000,0.0000,0.0000,0,0,0,2448
34,intenso,PREEMPCAO,3,d081473,3600,300,9073,8419,5,464.78,3.40,18.75,746575.62,0.0681,0.1367,0.1854,3.4916,0,0,0,2454
35,intenso,PREEMPCAO_COMPENSADA,3,d081473,3600,300,9073,8460,5,471.28,3.20,19.25,751331.78,0.0810,0.1579,0.2134,1.1026,0,0,0,2438
36,multiplas_emergencias,FIXO,3,d081473,3600,300,5379,4990,11,309.00,3.00,15.17,400538.11,0.0000,0.0000,0.0000,0.0000,0,0,0,2448
37,multiplas_emergencias,PREEMPCAO,3,d081473,3600,300,5379,5045,11,233.54,0.27,17.90,255137.59,0.0549,0.1387,0.1925,1.3763,0,0,0,2489
38,multiplas_emergencias,PREEMPCAO_COMPENSADA,3,d081473,3600,300,5379,5042,11,237.78,0.45,18.40,274625.94,0.0682,0.1571,0.2151,1.2500,0,0,0,2468
39,leve,FIXO,4,d081473,3600,300,2248,2100,5,442.96,5.40,18.96,156545.20,0.0000,0.0000,0.0000,0.0000,0,0,0,2448
40,leve,PREEMPCAO,4,d081473,3600,300,2248,2129,6,271.18,0.17,17.62,71848.59,0.0355,0.0889,0.1233,1.5791,0,0,0,2496
41,leve,PREEMPCAO_COMPENSADA,4,d081473,3600,300,2248,2132,6,263.78,0.17,19.59,81004.43,0.0436,0.1062,0.1487,0.7385,0,0,0,2449
42,moderado,FIXO,4,d081473,3600,300,5306,4938,5,496.32,5.80,15.34,401485.47,0.0000,0.0000,0.0000,0.0000,0,0,0,2448
43,moderado,PREEMPCAO,4,d081473,3600,300,5306,5028,5,328.78,0.80,18.47,249661.83,0.0530,0.1216,0.1622,0.6881,0,0,0,2499
44,moderado,PREEMPCAO_COMPENSADA,4,d081473,3600,300,5306,5017,6,346.77,0.50,18.46,257539.89,0.0676,0.1431,0.1896,1.0116,0,0,0,2454
45,intenso,FIXO,4,d081473,3600,300,9134,8474,5,536.86,5.80,16.75,781360.79,0.0000,0.0000,0.0000,0.0000,0,0,0,2448
46,intenso,PREEMPCAO,4,d081473,3600,300,9134,8540,5,402.04,1.80,21.28,665315.48,0.0660,0.1394,0.1858,1.3528,0,0,0,2484
47,intenso,PREEMPCAO_COMPENSADA,4,d081473,3600,300,9134,8530,5,434.00,2.00,19.94,703223.86,0.0808,0.1628,0.2142,1.0445,0,0,0,2439
48,multiplas_emergencias,FIXO,4,d081473,3600,300,5312,4944,11,317.79,3.36,15.34,402008.82,0.0000,0.0000,0.0000,0.0000,0,0,0,2448
49,multiplas_emergencias,PREEMPCAO,4,d081473,3600,300,5312,5009,11,239.46,0.82,17.35,266102.02,0.0612,0.1430,0.1907,1.4523,0,0,0,2502
50,multiplas_emergencias,PREEMPCAO_COMPENSADA,4,d081473,3600,300,5312,5010,11,233.64,0.27,16.53,272453.13,0.0696,0.1582,0.2099,2.2350,0,0,0,2455
51,leve,FIXO,5,d081473,3600,300,2333,2171,5,457.98,5.40,18.85,165916.65,0.0000,0.0000,0.0000,0.0000,0,0,0,2448
52,leve,PREEMPCAO,5,d081473,3600,300,2333,2202,6,284.57,1.00,17.97,72244.22,0.0386,0.0923,0.1221,0.4776,0,0,0,2502
53,leve,PREEMPCAO_COMPENSADA,5,d081473,3600,300,2333,2205,6,277.42,0.50,17.61,78373.53,0.0467,0.1074,0.1413,0.5720,0,0,0,2475
54,moderado,FIXO,5,d081473,3600,300,5307,4949,5,493.50,5.80,15.03,411586.09,0.0000,0.0000,0.0000,0.0000,0,0,0,2448
55,moderado,PREEMPCAO,5,d081473,3600,300,5307,5030,5,334.82,0.60,17.58,249392.49,0.0539,0.1240,0.1693,0.6306,0,0,0,2486
56,moderado,PREEMPCAO_COMPENSADA,5,d081473,3600,300,5307,5015,5,360.08,1.20,17.51,307248.18,0.0680,0.1454,0.1978,2.1956,0,0,0,2449
57,intenso,FIXO,5,d081473,3600,300,9045,8409,5,544.36,6.80,16.19,758725.90,0.0000,0.0000,0.0000,0.0000,0,0,0,2448
58,intenso,PREEMPCAO,5,d081473,3600,300,9045,8471,5,445.60,3.20,20.10,712670.92,0.0708,0.1445,0.1918,0.9913,0,0,0,2475
59,intenso,PREEMPCAO_COMPENSADA,5,d081473,3600,300,9045,8426,5,451.66,1.60,21.98,753290.41,0.0814,0.1588,0.2094,1.7028,0,0,0,2449
60,multiplas_emergencias,FIXO,5,d081473,3600,300,5313,4955,11,319.96,3.36,15.03,411916.71,0.0000,0.0000,0.0000,0.0000,0,0,0,2448
61,multiplas_emergencias,PREEMPCAO,5,d081473,3600,300,5313,5030,11,223.25,0.18,17.43,255349.51,0.0575,0.1437,0.1925,0.7560,0,0,0,2484
62,multiplas_emergencias,PREEMPCAO_COMPENSADA,5,d081473,3600,300,5313,5015,11,238.03,0.45,17.51,298735.35,0.0728,0.1618,0.2138,1.4391,0,0,0,2460
65,leve,FIXO,1,d081473,3600,300,2280,2141,5,473.70,5.80,17.86,160737.90,0.0000,0.0000,0.0000,0.0000,0,0,0,2448
64,leve,PREEMPCAO,1,d081473,3600,300,2280,2181,6,262.85,0.00,18.58,77566.87,0.0232,0.0561,0.0814,0.6790,0,0,0,2488
63,leve,FIXO,2,d081473,3600,300,2266,2118,5,460.74,5.80,19.11,163896.78,0.0000,0.0000,0.0000,0.0000,0,0,0,2448
66,leve,PREEMPCAO,2,d081473,3600,300,2266,2139,6,273.50,0.33,19.14,83832.67,0.0234,0.0553,0.0787,0.7532,0,0,0,2502
