sessao,t_deteccao,t_atuacao,latencia_total_ms,rua,uid,veiculo,uno_ms,bytes_em_espera_deteccao,bytes_em_espera_atuacao,versao_codigo
2026-10-07T16:18:08.177357+00:00,2026-10-07T16:20:44.004916+00:00,2026-10-07T16:20:44.029340+00:00,24.424,1,F39BD606,AMBULANCIA,154084,0,6,5409d93
2026-10-07T16:18:08.177357+00:00,2026-10-07T16:21:00.919482+00:00,2026-10-07T16:21:00.946871+00:00,27.389,2,1BD2308E,AMBULANCIA,170996,0,6,5409d93
2026-10-07T16:18:08.177357+00:00,2026-10-07T16:21:32.794206+00:00,2026-10-07T16:21:32.819033+00:00,24.827,3,B7EF8FA0,AMBULANCIA,202860,0,6,5409d93
2026-10-07T16:18:08.177357+00:00,2026-10-07T16:21:48.499433+00:00,2026-10-07T16:21:48.524434+00:00,25.001,4,97ABAFA0,AMBULANCIA,218561,0,6,5409d93
2026-10-07T16:18:08.177357+00:00,2026-10-07T16:22:08.923411+00:00,2026-10-07T16:22:08.949253+00:00,25.842,1,F39BD606,AMBULANCIA,238981,0,6,5409d93
2026-10-07T16:18:08.177357+00:00,2026-10-07T16:22:24.267622+00:00,2026-10-07T16:22:24.293649+00:00,26.027,2,1BD2308E,AMBULANCIA,254321,0,6,5409d93
2026-10-07T16:18:08.177357+00:00,2026-10-07T16:22:42.963351+00:00,2026-10-07T16:22:43.006662+00:00,43.311,3,B7EF8FA0,AMBULANCIA,273002,0,1,5409d93
2026-10-07T16:18:08.177357+00:00,2026-10-07T16:23:02.496647+00:00,2026-10-07T16:23:02.522672+00:00,26.025,4,97ABAFA0,AMBULANCIA,292539,0,6,5409d93
2026-10-07T16:18:08.177357+00:00,2026-10-07T16:23:22.280938+00:00,2026-10-07T16:23:22.310982+00:00,30.044,1,F39BD606,AMBULANCIA,312322,0,6,5409d93
2026-10-07T16:18:08.177357+00:00,2026-10-07T16:23:48.236414+00:00,2026-10-07T16:23:48.261006+00:00,24.592,2,1BD2308E,AMBULANCIA,338265,0,6,5409d93
2026-10-07T16:18:08.177357+00:00,2026-10-07T16:24:04.033819+00:00,2026-10-07T16:24:04.060829+00:00,27.010,3,B7EF8FA0,AMBULANCIA,354061,0,6,5409d93
2026-10-07T16:18:08.177357+00:00,2026-10-07T16:24:22.196475+00:00,2026-10-07T16:24:22.222977+00:00,26.502,4,97ABAFA0,AMBULANCIA,372218,0,6,5409d93
2026-10-07T16:18:08.177357+00:00,2026-10-07T16:24:40.051990+00:00,2026-10-07T16:24:40.080995+00:00,29.005,1,F39BD606,AMBULANCIA,390072,0,6,5409d93
2026-10-07T16:18:08.177357+00:00,2026-10-07T16:25:00.877428+00:00,2026-10-07T16:25:00.901455+00:00,24.027,2,1BD2308E,AMBULANCIA,410886,2,6,5409d93
2026-10-07T16:18:08.177357+00:00,2026-10-07T16:25:17.679806+00:00,2026-10-07T16:25:17.704375+00:00,24.569,3,B7EF8FA0,AMBULANCIA,427684,1,6,5409d93
2026-10-07T16:18:08.177357+00:00,2026-10-07T16:25:35.406442+00:00,2026-10-07T16:25:35.431484+00:00,25.042,4,97ABAFA0,AMBULANCIA,445407,0,6,5409d93
2026-10-07T16:18:08.177357+00:00,2026-10-07T16:25:51.101717+00:00,2026-10-07T16:25:51.127323+00:00,25.606,1,F39BD606,AMBULANCIA,461100,0,6,5409d93
2026-10-07T16:18:08.177357+00:00,2026-10-07T16:26:08.629790+00:00,2026-10-07T16:26:08.658750+00:00,28.960,2,1BD2308E,AMBULANCIA,478626,0,6,5409d93
2026-10-07T16:18:08.177357+00:00,2026-10-07T16:26:25.899841+00:00,2026-10-07T16:26:25.923749+00:00,23.908,3,B7EF8FA0,AMBULANCIA,495887,0,6,5409d93
2026-10-07T16:18:08.177357+00:00,2026-10-07T16:26:42.131222+00:00,2026-10-07T16:26:42.155322+00:00,24.100,4,97ABAFA0,AMBULANCIA,512113,0,6,5409d93
2026-10-07T16:18:08.177357+00:00,2026-10-07T16:27:01.305867+00:00,2026-10-07T16:27:01.337484+00:00,31.617,1,F39BD606,AMBULANCIA,531290,0,6,5409d93
2026-10-07T16:18:08.177357+00:00,2026-10-07T16:27:20.075633+00:00,2026-10-07T16:27:20.099644+00:00,24.011,2,1BD2308E,AMBULANCIA,550048,0,6,5409d93
2026-10-07T16:18:08.177357+00:00,2026-10-07T16:27:36.155033+00:00,2026-10-07T16:27:36.181498+00:00,26.465,3,B7EF8FA0,AMBULANCIA,566124,0,6,5409d93
2026-10-07T16:18:08.177357+00:00,2026-10-07T16:27:54.015605+00:00,2026-10-07T16:27:54.039623+00:00,24.018,4,97ABAFA0,AMBULANCIA,583979,0,6,5409d93
2026-10-07T16:18:08.177357+00:00,2026-10-07T16:28:18.572866+00:00,2026-10-07T16:28:18.610456+00:00,37.590,1,F39BD606,AMBULANCIA,608543,0,6,5409d93
2026-10-07T16:18:08.177357+00:00,2026-10-07T16:28:34.319708+00:00,2026-10-07T16:28:34.344688+00:00,24.980,2,1BD2308E,AMBULANCIA,624272,0,6,5409d93
2026-10-07T16:18:08.177357+00:00,2026-10-07T16:28:54.208045+00:00,2026-10-07T16:28:54.235407+00:00,27.362,3,B7EF8FA0,AMBULANCIA,644158,0,1,5409d93
2026-10-07T16:18:08.177357+00:00,2026-10-07T16:29:13.512291+00:00,2026-10-07T16:29:13.541258+00:00,28.967,4,97ABAFA0,AMBULANCIA,663458,0,6,5409d93
2026-10-07T16:18:08.177357+00:00,2026-10-07T16:29:28.937669+00:00,2026-10-07T16:29:28.962703+00:00,25.034,1,F39BD606,AMBULANCIA,678876,0,6,5409d93
2026-10-07T16:18:08.177357+00:00,2026-10-07T16:29:49.154429+00:00,2026-10-07T16:29:49.180406+00:00,25.977,2,1BD2308E,AMBULANCIA,699087,0,6,5409d93
2026-10-07T16:18:08.177357+00:00,2026-10-07T16:30:07.724178+00:00,2026-10-07T16:30:07.750182+00:00,26.004,3,B7EF8FA0,AMBULANCIA,717651,0,6,5409d93
2026-10-07T16:18:08.177357+00:00,2026-10-07T16:30:22.022274+00:00,2026-10-07T16:30:22.047826+00:00,25.552,4,97ABAFA0,AMBULANCIA,731947,0,6,5409d93
2026-10-07T16:18:08.177357+00:00,2026-10-07T16:30:39.014819+00:00,2026-10-07T16:30:39.038844+00:00,24.025,1,F39BD606,AMBULANCIA,748934,0,6,5409d93
2026-10-07T16:18:08.177357+00:00,2026-10-07T16:30:59.691705+00:00,2026-10-07T16:30:59.715242+00:00,23.537,2,1BD2308E,AMBULANCIA,769604,1,6,5409d93
2026-10-07T16:18:08.177357+00:00,2026-10-07T16:31:13.379809+00:00,2026-10-07T16:31:13.404843+00:00,25.034,3,B7EF8FA0,AMBULANCIA,783290,0,6,5409d93
2026-10-07T16:18:08.177357+00:00,2026-10-07T16:31:33.598187+00:00,2026-10-07T16:31:33.644536+00:00,46.349,4,97ABAFA0,AMBULANCIA,803501,0,1,5409d93
2026-10-07T16:18:08.177357+00:00,2026-10-07T16:31:52.746844+00:00,2026-10-07T16:31:52.775394+00:00,28.550,1,F39BD606,AMBULANCIA,822649,0,6,5409d93
2026-10-07T16:18:08.177357+00:00,2026-10-07T16:32:07.304546+00:00,2026-10-07T16:32:07.328506+00:00,23.960,2,1BD2308E,AMBULANCIA,837199,0,6,5409d93
2026-10-07T16:18:08.177357+00:00,2026-10-07T16:32:25.412232+00:00,2026-10-07T16:32:25.436620+00:00,24.388,3,B7EF8FA0,AMBULANCIA,855302,0,6,5409d93
2026-10-07T16:18:08.177357+00:00,2026-10-07T16:32:41.645114+00:00,2026-10-07T16:32:41.674127+00:00,29.013,4,97ABAFA0,AMBULANCIA,871535,0,6,5409d93
2026-10-07T16:18:08.177357+00:00,2026-10-07T16:33:01.354417+00:00,2026-10-07T16:33:01.378436+00:00,24.019,1,F39BD606,AMBULANCIA,891235,0,6,5409d93
2026-10-07T16:18:08.177357+00:00,2026-10-07T16:33:16.948675+00:00,2026-10-07T16:33:16.973263+00:00,24.588,2,1BD2308E,AMBULANCIA,906825,0,6,5409d93
2026-10-07T16:18:08.177357+00:00,2026-10-07T16:33:34.754753+00:00,2026-10-07T16:33:34.779707+00:00,24.954,3,B7EF8FA0,AMBULANCIA,924625,0,6,5409d93
2026-10-07T16:18:08.177357+00:00,2026-10-07T16:33:53.106086+00:00,2026-10-07T16:33:53.106200+00:00,0.114,4,97ABAFA0,AMBULANCIA,942427,35,86,5409d93
2026-10-07T16:18:08.177357+00:00,2026-10-07T16:34:32.556446+00:00,2026-10-07T16:34:32.580473+00:00,24.027,1,F39BD606,AMBULANCIA,982412,0,6,5409d93
2026-10-07T16:18:08.177357+00:00,2026-10-07T16:34:46.627751+00:00,2026-10-07T16:34:46.651714+00:00,23.963,2,1BD2308E,AMBULANCIA,996478,0,6,5409d93
2026-10-07T16:18:08.177357+00:00,2026-10-07T16:35:04.332309+00:00,2026-10-07T16:35:04.361782+00:00,29.473,3,B7EF8FA0,AMBULANCIA,1014184,0,6,5409d93
2026-10-07T16:18:08.177357+00:00,2026-10-07T16:35:21.861225+00:00,2026-10-07T16:35:21.885201+00:00,23.976,4,97ABAFA0,AMBULANCIA,1031702,0,6,5409d93
2026-10-07T16:18:08.177357+00:00,2026-10-07T16:35:43.932361+00:00,2026-10-07T16:35:43.956397+00:00,24.036,1,F39BD606,AMBULANCIA,1053767,0,6,5409d93
2026-10-07T16:18:08.177357+00:00,2026-10-07T16:36:01.253391+00:00,2026-10-07T16:36:01.277824+00:00,24.433,2,1BD2308E,AMBULANCIA,1071083,2,6,5409d93
2026-10-07T16:18:08.177357+00:00,2026-10-07T16:36:21.496770+00:00,2026-10-07T16:36:21.521166+00:00,24.396,3,B7EF8FA0,AMBULANCIA,1091322,0,6,5409d93
2026-10-07T16:18:08.177357+00:00,2026-10-07T16:36:39.477298+00:00,2026-10-07T16:36:39.501854+00:00,24.556,4,97ABAFA0,AMBULANCIA,1109299,0,6,5409d93
2026-10-07T16:18:08.177357+00:00,2026-10-07T16:37:04.340584+00:00,2026-10-07T16:37:04.364173+00:00,23.589,1,F39BD606,AMBULANCIA,1134154,0,6,5409d93
2026-10-07T16:18:08.177357+00:00,2026-10-07T16:37:28.135539+00:00,2026-10-07T16:37:28.159954+00:00,24.415,2,1BD2308E,AMBULANCIA,1157944,0,6,5409d93
2026-10-07T16:18:08.177357+00:00,2026-10-07T16:37:56.898992+00:00,2026-10-07T16:37:56.923323+00:00,24.331,3,B7EF8FA0,AMBULANCIA,1186700,0,6,5409d93
2026-10-07T16:18:08.177357+00:00,2026-10-07T16:38:22.396341+00:00,2026-10-07T16:38:22.420358+00:00,24.017,4,97ABAFA0,AMBULANCIA,1212189,0,6,5409d93
2026-10-07T16:18:08.177357+00:00,2026-10-07T16:38:40.662438+00:00,2026-10-07T16:38:40.687324+00:00,24.886,1,F39BD606,AMBULANCIA,1230451,0,6,5409d93
2026-10-07T16:18:08.177357+00:00,2026-10-07T16:38:57.246353+00:00,2026-10-07T16:38:57.270801+00:00,24.448,2,1BD2308E,AMBULANCIA,1247031,0,6,5409d93
2026-10-07T16:18:08.177357+00:00,2026-10-07T16:39:36.279352+00:00,2026-10-07T16:39:36.308357+00:00,29.005,3,B7EF8FA0,AMBULANCIA,1286056,0,6,5409d93
2026-10-07T16:18:08.177357+00:00,2026-10-07T16:41:57.202471+00:00,2026-10-07T16:41:57.226870+00:00,24.399,1,F39BD606,AMBULANCIA,1426937,0,6,5409d93
2026-10-07T16:18:08.177357+00:00,2026-10-07T16:42:29.859231+00:00,2026-10-07T16:42:29.883668+00:00,24.437,2,1BD2308E,AMBULANCIA,1459587,0,6,5409d93
2026-10-07T16:18:08.177357+00:00,2026-10-07T16:42:52.032422+00:00,2026-10-07T16:42:52.057451+00:00,25.029,3,B7EF8FA0,AMBULANCIA,1481753,0,6,5409d93
2026-10-07T16:18:08.177357+00:00,2026-10-07T16:43:07.324309+00:00,2026-10-07T16:43:07.349644+00:00,25.335,4,97ABAFA0,AMBULANCIA,1497042,0,6,5409d93
2026-10-07T16:18:08.177357+00:00,2026-10-07T16:43:26.371451+00:00,2026-10-07T16:43:26.396473+00:00,25.022,1,F39BD606,AMBULANCIA,1516085,0,6,5409d93
2026-10-07T16:18:08.177357+00:00,2026-10-07T16:43:44.199520+00:00,2026-10-07T16:43:44.223538+00:00,24.018,2,1BD2308E,AMBULANCIA,1533906,2,6,5409d93
2026-10-07T16:18:08.177357+00:00,2026-10-07T16:44:01.465527+00:00,2026-10-07T16:44:01.498558+00:00,33.031,3,B7EF8FA0,AMBULANCIA,1551176,0,6,5409d93
2026-10-07T16:18:08.177357+00:00,2026-10-07T16:44:18.480960+00:00,2026-10-07T16:44:18.507926+00:00,26.966,4,97ABAFA0,AMBULANCIA,1568182,0,6,5409d93
2026-10-07T16:18:08.177357+00:00,2026-10-07T16:44:35.295919+00:00,2026-10-07T16:44:35.322504+00:00,26.585,1,F39BD606,AMBULANCIA,1584991,0,6,5409d93
2026-10-07T16:18:08.177357+00:00,2026-10-07T16:44:53.534056+00:00,2026-10-07T16:44:53.558658+00:00,24.602,2,1BD2308E,AMBULANCIA,1603223,0,6,5409d93
2026-10-07T16:18:08.177357+00:00,2026-10-07T16:45:15.121570+00:00,2026-10-07T16:45:15.151158+00:00,29.588,3,B7EF8FA0,AMBULANCIA,1624810,0,6,5409d93
2026-10-07T16:18:08.177357+00:00,2026-10-07T16:45:28.130653+00:00,2026-10-07T16:45:28.154670+00:00,24.017,4,97ABAFA0,AMBULANCIA,1637809,0,6,5409d93
2026-10-07T16:18:08.177357+00:00,2026-10-07T16:45:48.423000+00:00,2026-10-07T16:45:48.449047+00:00,26.047,1,F39BD606,AMBULANCIA,1658098,0,6,5409d93
2026-10-07T16:18:08.177357+00:00,2026-10-07T16:46:09.069515+00:00,2026-10-07T16:46:09.093825+00:00,24.310,2,1BD2308E,AMBULANCIA,1678737,0,6,5409d93
2026-10-07T16:18:08.177357+00:00,2026-10-07T16:46:27.992653+00:00,2026-10-07T16:46:28.029669+00:00,37.016,3,B7EF8FA0,AMBULANCIA,1697669,0,6,5409d93
2026-10-07T16:18:08.177357+00:00,2026-10-07T16:46:44.403542+00:00,2026-10-07T16:46:44.427957+00:00,24.415,4,97ABAFA0,AMBULANCIA,1714062,0,6,5409d93
2026-10-07T16:18:08.177357+00:00,2026-10-07T16:47:02.056621+00:00,2026-10-07T16:47:02.080648+00:00,24.027,1,F39BD606,AMBULANCIA,1731710,0,6,5409d93
2026-10-07T16:18:08.177357+00:00,2026-10-07T16:47:24.455230+00:00,2026-10-07T16:47:24.479220+00:00,23.990,2,1BD2308E,AMBULANCIA,1754103,0,6,5409d93
2026-10-07T16:18:08.177357+00:00,2026-10-07T16:47:41.448328+00:00,2026-10-07T16:47:41.474245+00:00,25.917,3,B7EF8FA0,AMBULANCIA,1771094,0,6,5409d93
2026-10-07T16:18:08.177357+00:00,2026-10-07T16:47:59.460756+00:00,2026-10-07T16:47:59.485784+00:00,25.028,4,97ABAFA0,AMBULANCIA,1789101,0,6,5409d93
2026-10-07T16:18:08.177357+00:00,2026-10-07T16:48:25.717813+00:00,2026-10-07T16:48:25.742412+00:00,24.599,1,F39BD606,AMBULANCIA,1815350,0,6,5409d93
2026-10-07T16:18:08.177357+00:00,2026-10-07T16:48:40.550135+00:00,2026-10-07T16:48:40.576790+00:00,26.655,2,1BD2308E,AMBULANCIA,1830177,0,6,5409d93
2026-10-07T16:18:08.177357+00:00,2026-10-07T16:48:59.116288+00:00,2026-10-07T16:48:59.140688+00:00,24.400,3,B7EF8FA0,AMBULANCIA,1848738,0,6,5409d93
2026-10-07T16:18:08.177357+00:00,2026-10-07T16:49:16.567768+00:00,2026-10-07T16:49:16.591981+00:00,24.213,4,97ABAFA0,AMBULANCIA,1866185,0,6,5409d93
2026-10-07T16:18:08.177357+00:00,2026-10-07T16:49:35.234683+00:00,2026-10-07T16:49:35.258495+00:00,23.812,1,F39BD606,AMBULANCIA,1884847,0,6,5409d93
2026-10-07T16:18:08.177357+00:00,2026-10-07T16:49:51.513427+00:00,2026-10-07T16:49:51.539824+00:00,26.397,2,1BD2308E,AMBULANCIA,1901122,0,6,5409d93
2026-10-07T16:18:08.177357+00:00,2026-10-07T16:50:09.645540+00:00,2026-10-07T16:50:09.674566+00:00,29.026,3,B7EF8FA0,AMBULANCIA,1919253,0,6,5409d93
2026-10-07T16:18:08.177357+00:00,2026-10-07T16:50:25.953857+00:00,2026-10-07T16:50:25.977852+00:00,23.995,4,97ABAFA0,AMBULANCIA,1935552,0,6,5409d93
2026-10-07T16:18:08.177357+00:00,2026-10-07T16:50:43.553940+00:00,2026-10-07T16:50:43.578898+00:00,24.958,1,F39BD606,AMBULANCIA,1953148,0,6,5409d93
2026-10-07T16:18:08.177357+00:00,2026-10-07T16:51:02.363143+00:00,2026-10-07T16:51:02.389106+00:00,25.963,2,1BD2308E,AMBULANCIA,1971951,0,6,5409d93
2026-10-07T16:18:08.177357+00:00,2026-10-07T16:51:24.231385+00:00,2026-10-07T16:51:24.257287+00:00,25.902,3,B7EF8FA0,AMBULANCIA,1993815,0,6,5409d93
2026-10-07T16:18:08.177357+00:00,2026-10-07T16:51:43.252482+00:00,2026-10-07T16:51:43.277513+00:00,25.031,4,97ABAFA0,AMBULANCIA,2012829,0,6,5409d93
2026-10-07T16:18:08.177357+00:00,2026-10-07T16:52:04.990018+00:00,2026-10-07T16:52:05.014458+00:00,24.440,1,F39BD606,AMBULANCIA,2034562,0,6,5409d93
2026-10-07T16:18:08.177357+00:00,2026-10-07T16:52:34.396460+00:00,2026-10-07T16:52:34.420479+00:00,24.019,2,1BD2308E,AMBULANCIA,2063960,0,6,5409d93
2026-10-07T16:18:08.177357+00:00,2026-10-07T16:52:48.801150+00:00,2026-10-07T16:52:48.825171+00:00,24.021,3,B7EF8FA0,AMBULANCIA,2078361,0,6,5409d93
2026-10-07T16:18:08.177357+00:00,2026-10-07T16:53:07.366820+00:00,2026-10-07T16:53:07.390171+00:00,23.351,4,97ABAFA0,AMBULANCIA,2096921,1,6,5409d93
2026-10-07T16:18:08.177357+00:00,2026-10-07T16:53:23.671319+00:00,2026-10-07T16:53:23.696273+00:00,24.954,1,F39BD606,AMBULANCIA,2113221,0,6,5409d93
2026-10-07T16:18:08.177357+00:00,2026-10-07T16:53:47.789296+00:00,2026-10-07T16:53:47.798061+00:00,8.765,2,1BD2308E,AMBULANCIA,2137318,15,6,5409d93
2026-10-07T16:18:08.177357+00:00,2026-10-07T16:54:08.905502+00:00,2026-10-07T16:54:08.930926+00:00,25.424,3,B7EF8FA0,AMBULANCIA,2158445,0,6,5409d93
2026-10-07T16:18:08.177357+00:00,2026-10-07T16:54:31.991655+00:00,2026-10-07T16:54:32.015996+00:00,24.341,4,97ABAFA0,AMBULANCIA,2181530,0,0,5409d93
2026-10-07T16:18:08.177357+00:00,2026-10-07T16:54:48.678155+00:00,2026-10-07T16:54:48.702588+00:00,24.433,4,97ABAFA0,AMBULANCIA,2198206,0,6,5409d93
