registrado_em,tipo,cenario,modo,seed,detalhe,evidencia
2026-10-08T19:08:43+00:00,REEXECUCAO,intenso,FIXO,1,lote interrompido pelo reinicio do computador em 2026-10-07 (28 de 650 concluidas); reexecucao do zero,
2026-10-08T19:08:43+00:00,REEXECUCAO,intenso,FIXO,2,lote interrompido pelo reinicio do computador em 2026-10-07 (28 de 650 concluidas); reexecucao do zero,
2026-10-08T19:08:43+00:00,REEXECUCAO,intenso,FIXO,3,lote interrompido pelo reinicio do computador em 2026-10-07 (28 de 650 concluidas); reexecucao do zero,
2026-10-08T19:08:43+00:00,REEXECUCAO,intenso,PREEMPCAO,1,lote interrompido pelo reinicio do computador em 2026-10-07 (28 de 650 concluidas); reexecucao do zero,
2026-10-08T19:08:43+00:00,REEXECUCAO,intenso,PREEMPCAO,2,lote interrompido pelo reinicio do computador em 2026-10-07 (28 de 650 concluidas); reexecucao do zero,
2026-10-08T19:08:43+00:00,REEXECUCAO,intenso,PREEMPCAO,3,lote interrompido pelo reinicio do computador em 2026-10-07 (28 de 650 concluidas); reexecucao do zero,
2026-10-08T19:08:43+00:00,REEXECUCAO,intenso,PREEMPCAO_COMPENSADA,1,lote interrompido pelo reinicio do computador em 2026-10-07 (28 de 650 concluidas); reexecucao do zero,
2026-10-08T19:08:43+00:00,REEXECUCAO,intenso,PREEMPCAO_COMPENSADA,2,lote interrompido pelo reinicio do computador em 2026-10-07 (28 de 650 concluidas); reexecucao do zero,
2026-10-08T19:08:43+00:00,REEXECUCAO,intenso,PREEMPCAO_COMPENSADA,3,lote interrompido pelo reinicio do computador em 2026-10-07 (28 de 650 concluidas); reexecucao do zero,
2026-10-08T19:08:43+00:00,REEXECUCAO,leve,FIXO,1,lote interrompido pelo reinicio do computador em 2026-10-07 (28 de 650 concluidas); reexecucao do zero,
2026-10-08T19:08:43+00:00,REEXECUCAO,leve,FIXO,2,lote interrompido pelo reinicio do computador em 2026-10-07 (28 de 650 concluidas); reexecucao do zero,
2026-10-08T19:08:43+00:00,REEXECUCAO,leve,FIXO,3,lote interrompido pelo reinicio do computador em 2026-10-07 (28 de 650 concluidas); reexecucao do zero,
2026-10-08T19:08:43+00:00,REEXECUCAO,leve,PREEMPCAO,1,lote interrompido pelo reinicio do computador em 2026-10-07 (28 de 650 concluidas); reexecucao do zero,
2026-10-08T19:08:43+00:00,REEXECUCAO,leve,PREEMPCAO,2,lote interrompido pelo reinicio do computador em 2026-10-07 (28 de 650 concluidas); reexecucao do zero,
2026-10-08T19:08:43+00:00,REEXECUCAO,leve,PREEMPCAO,3,lote interrompido pelo reinicio do computador em 2026-10-07 (28 de 650 concluidas); reexecucao do zero,
2026-10-08T19:08:43+00:00,REEXECUCAO,leve,PREEMPCAO_COMPENSADA,1,lote interrompido pelo reinicio do computador em 2026-10-07 (28 de 650 concluidas); reexecucao do zero,
2026-10-08T19:08:43+00:00,REEXECUCAO,leve,PREEMPCAO_COMPENSADA,2,lote interrompido pelo reinicio do computador em 2026-10-07 (28 de 650 concluidas); reexecucao do zero,
2026-10-08T19:08:43+00:00,REEXECUCAO,leve,PREEMPCAO_COMPENSADA,3,lote interrompido pelo reinicio do computador em 2026-10-07 (28 de 650 concluidas); reexecucao do zero,
2026-10-08T19:08:43+00:00,REEXECUCAO,moderado,FIXO,1,lote interrompido pelo reinicio do computador em 2026-10-07 (28 de 650 concluidas); reexecucao do zero,
2026-10-08T19:08:43+00:00,REEXECUCAO,moderado,FIXO,2,lote interrompido pelo reinicio do computador em 2026-10-07 (28 de 650 concluidas); reexecucao do zero,
2026-10-08T19:08:43+00:00,REEXECUCAO,moderado,FIXO,3,lote interrompido pelo reinicio do computador em 2026-10-07 (28 de 650 concluidas); reexecucao do zero,
2026-10-08T19:08:43+00:00,REEXECUCAO,moderado,PREEMPCAO,1,lote interrompido pelo reinicio do computador em 2026-10-07 (28 de 650 concluidas); reexecucao do zero,
2026-10-08T19:08:43+00:00,REEXECUCAO,moderado,PREEMPCAO,2,lote interrompido pelo reinicio do computador em 2026-10-07 (28 de 650 concluidas); reexecucao do zero,
2026-10-08T19:08:43+00:00,REEXECUCAO,moderado,PREEMPCAO,3,lote interrompido pelo reinicio do computador em 2026-10-07 (28 de 650 concluidas); reexecucao do zero,
2026-10-08T19:08:43+00:00,REEXECUCAO,moderado,PREEMPCAO_COMPENSADA,1,lote interrompido pelo reinicio do computador em 2026-10-07 (28 de 650 concluidas); reexecucao do zero,
2026-10-08T19:08:43+00:00,REEXECUCAO,moderado,PREEMPCAO_COMPENSADA,2,lote interrompido pelo reinicio do computador em 2026-10-07 (28 de 650 concluidas); reexecucao do zero,
2026-10-08T19:08:43+00:00,REEXECUCAO,moderado,PREEMPCAO_COMPENSADA,3,lote interrompido pelo reinicio do computador em 2026-10-07 (28 de 650 concluidas); reexecucao do zero,
2026-10-08T19:08:43+00:00,REEXECUCAO,multiplas_emergencias,FIXO,1,lote interrompido pelo reinicio do computador em 2026-10-07 (28 de 650 concluidas); reexecucao do zero,
2026-10-08T19:08:43+00:00,REEXECUCAO,multiplas_emergencias,FIXO,2,lote interrompido pelo reinicio do computador em 2026-10-07 (28 de 650 concluidas); reexecucao do zero,
2026-10-08T19:08:43+00:00,REEXECUCAO,multiplas_emergencias,FIXO,3,lote interrompido pelo reinicio do computador em 2026-10-07 (28 de 650 concluidas); reexecucao do zero,
2026-10-08T19:08:43+00:00,REEXECUCAO,multiplas_emergencias,PREEMPCAO,1,lote interrompido pelo reinicio do computador em 2026-10-07 (28 de 650 concluidas); reexecucao do zero,
2026-10-08T19:08:43+00:00,REEXECUCAO,multiplas_emergencias,PREEMPCAO,2,lote interrompido pelo reinicio do computador em 2026-10-07 (28 de 650 concluidas); reexecucao do zero,
2026-10-08T19:08:43+00:00,REEXECUCAO,multiplas_emergencias,PREEMPCAO_COMPENSADA,1,lote interrompido pelo reinicio do computador em 2026-10-07 (28 de 650 concluidas); reexecucao do zero,
2026-10-08T19:08:43+00:00,REEXECUCAO,multiplas_emergencias,PREEMPCAO_COMPENSADA,2,lote interrompido pelo reinicio do computador em 2026-10-07 (28 de 650 concluidas); reexecucao do zero,
2026-10-08T19:08:43+00:00,REEXECUCAO,multiplas_emergencias,PREEMPCAO_ML,1,lote interrompido pelo reinicio do computador em 2026-10-07 (28 de 650 concluidas); reexecucao do zero,
2026-10-08T19:08:43+00:00,REEXECUCAO,multiplas_emergencias,PREEMPCAO_ML,2,lote interrompido pelo reinicio do computador em 2026-10-07 (28 de 650 concluidas); reexecucao do zero,
