cenario,seed,modo,id_veiculo,tempo_viagem_s
intenso,1,FIXO,VE_ROTA_VE_CORREDOR_00,519.10
intenso,1,FIXO,VE_ROTA_VE_CORREDOR_01,559.00
intenso,1,FIXO,VE_ROTA_VE_CORREDOR_02,516.20
intenso,1,FIXO,VE_ROTA_VE_CORREDOR_03,483.50
intenso,1,FIXO,VE_ROTA_VE_CORREDOR_04,507.50
intenso,1,PREEMPCAO,VE_ROTA_VE_CORREDOR_00,393.30
intenso,1,PREEMPCAO,VE_ROTA_VE_CORREDOR_01,349.60
intenso,1,PREEMPCAO,VE_ROTA_VE_CORREDOR_02,364.60
intenso,1,PREEMPCAO,VE_ROTA_VE_CORREDOR_03,337.40
intenso,1,PREEMPCAO,VE_ROTA_VE_CORREDOR_04,357.50
intenso,1,PREEMPCAO_COMPENSADA,VE_ROTA_VE_CORREDOR_00,393.20
intenso,1,PREEMPCAO_COMPENSADA,VE_ROTA_VE_CORREDOR_01,372.30
intenso,1,PREEMPCAO_COMPENSADA,VE_ROTA_VE_CORREDOR_02,384.40
intenso,1,PREEMPCAO_COMPENSADA,VE_ROTA_VE_CORREDOR_03,398.10
intenso,1,PREEMPCAO_COMPENSADA,VE_ROTA_VE_CORREDOR_04,362.80
