id_execucao,cenario,modo,seed,t_inicio_s,t_fim_s,duracao_s,passos,id_semaforo,n_ves,ids_veiculos,tipos,criticidades,etas_s,fases_desejadas,mesmo_nivel,decidivel,decidivel_em_algum_passo,preempcao_em_curso
-1,multiplas_emergencias,PREEMPCAO,101,330.8,345.0,14.2,143,CRUZ_02,2,VE_ROTA_VE_CORREDOR_00|VE_ROTA_VE_TRANSVERSAL_00,AMBULANCIA|AMBULANCIA,1|1,63.5|12.8,1|2,1,1,1,
-1,multiplas_emergencias,PREEMPCAO,101,458.4,483.0,24.6,247,CRUZ_08,2,VE_ROTA_VE_CORREDOR_00|VE_ROTA_VE_TRANSVERSAL_00,AMBULANCIA|AMBULANCIA,1|1,46.6|12.4,2|1,1,0,0,VE_ROTA_VE_TRANSVERSAL_00
-1,multiplas_emergencias,PREEMPCAO,101,936.0,946.8,10.8,109,CRUZ_02,2,VE_ROTA_VE_CORREDOR_01|VE_ROTA_VE_TRANSVERSAL_01,BOMBEIRO|BOMBEIRO,2|2,125.0|7.5,1|2,1,0,0,VE_ROTA_VE_TRANSVERSAL_01
-1,multiplas_emergencias,PREEMPCAO,101,1046.3,1062.0,15.7,158,CRUZ_08,2,VE_ROTA_VE_CORREDOR_01|VE_ROTA_VE_TRANSVERSAL_01,BOMBEIRO|BOMBEIRO,2|2,41.7|13.5,2|1,1,1,1,
-1,multiplas_emergencias,PREEMPCAO,101,1522.0,1546.9,24.9,250,CRUZ_02,2,VE_ROTA_VE_CORREDOR_02|VE_ROTA_VE_TRANSVERSAL_02,POLICIA|POLICIA,3|3,23.1|29.5,1|2,1,1,1,
-1,multiplas_emergencias,PREEMPCAO,101,2122.6,2158.0,35.4,355,CRUZ_02,2,VE_ROTA_VE_CORREDOR_03|VE_ROTA_VE_TRANSVERSAL_03,AMBULANCIA|AMBULANCIA,1|1,31.3|40.9,1|2,1,1,1,
-1,multiplas_emergencias,PREEMPCAO,101,2251.8,2259.5,7.7,78,CRUZ_08,2,VE_ROTA_VE_CORREDOR_03|VE_ROTA_VE_TRANSVERSAL_03,AMBULANCIA|AMBULANCIA,1|1,7.3|23.0,2|1,1,0,0,VE_ROTA_VE_CORREDOR_03
-1,multiplas_emergencias,PREEMPCAO,101,2723.6,2755.6,32.0,321,CRUZ_02,2,VE_ROTA_VE_CORREDOR_04|VE_ROTA_VE_TRANSVERSAL_04,BOMBEIRO|BOMBEIRO,2|2,64.9|19.9,1|2,1,1,1,
-1,multiplas_emergencias,PREEMPCAO,101,2843.6,2858.4,14.8,149,CRUZ_08,2,VE_ROTA_VE_CORREDOR_04|VE_ROTA_VE_TRANSVERSAL_04,BOMBEIRO|BOMBEIRO,2|2,63.2|14.2,2|1,1,1,1,
-1,multiplas_emergencias,PREEMPCAO,101,3325.3,3348.2,22.9,230,CRUZ_02,2,VE_ROTA_VE_CORREDOR_05|VE_ROTA_VE_TRANSVERSAL_05,POLICIA|POLICIA,3|3,105.5|18.4,1|2,1,1,1,
-1,multiplas_emergencias,PREEMPCAO,101,3431.1,3476.0,44.9,450,CRUZ_08,2,VE_ROTA_VE_CORREDOR_05|VE_ROTA_VE_TRANSVERSAL_05,POLICIA|POLICIA,3|3,36.4|52.7,2|1,1,1,1,
-1,multiplas_emergencias,PREEMPCAO,102,322.7,345.0,22.3,224,CRUZ_02,2,VE_ROTA_VE_CORREDOR_00|VE_ROTA_VE_TRANSVERSAL_00,AMBULANCIA|AMBULANCIA,1|1,43.2|21.0,1|2,1,1,1,
-1,multiplas_emergencias,PREEMPCAO,102,451.8,457.2,5.4,55,CRUZ_08,2,VE_ROTA_VE_CORREDOR_00|VE_ROTA_VE_TRANSVERSAL_00,AMBULANCIA|AMBULANCIA,1|1,41.6|4.4,2|1,1,0,0,VE_ROTA_VE_TRANSVERSAL_00
-1,multiplas_emergencias,PREEMPCAO,102,924.8,947.0,22.2,223,CRUZ_02,2,VE_ROTA_VE_CORREDOR_01|VE_ROTA_VE_TRANSVERSAL_01,BOMBEIRO|BOMBEIRO,2|2,29.8|18.7,1|2,1,1,1,
-1,multiplas_emergencias,PREEMPCAO,102,1523.5,1545.1,21.6,217,CRUZ_02,2,VE_ROTA_VE_CORREDOR_02|VE_ROTA_VE_TRANSVERSAL_02,POLICIA|POLICIA,3|3,32.4|20.2,1|2,1,1,1,
-1,multiplas_emergencias,PREEMPCAO,102,2126.6,2163.8,37.2,373,CRUZ_02,2,VE_ROTA_VE_CORREDOR_03|VE_ROTA_VE_TRANSVERSAL_03,AMBULANCIA|AMBULANCIA,1|1,70.1|38.8,1|2,1,1,1,
-1,multiplas_emergencias,PREEMPCAO,102,2724.0,2744.9,20.9,210,CRUZ_02,2,VE_ROTA_VE_CORREDOR_04|VE_ROTA_VE_TRANSVERSAL_04,BOMBEIRO|BOMBEIRO,2|2,106.4|19.5,1|2,1,1,1,
-1,multiplas_emergencias,PREEMPCAO,102,3322.0,3354.2,32.2,323,CRUZ_02,2,VE_ROTA_VE_CORREDOR_05|VE_ROTA_VE_TRANSVERSAL_05,POLICIA|POLICIA,3|3,23.1|21.7,1|2,1,1,1,
-1,multiplas_emergencias,PREEMPCAO,103,322.5,358.5,36.0,361,CRUZ_02,2,VE_ROTA_VE_CORREDOR_00|VE_ROTA_VE_TRANSVERSAL_00,AMBULANCIA|AMBULANCIA,1|1,44.0|32.4,1|2,1,1,1,
-1,multiplas_emergencias,PREEMPCAO,103,474.6,489.0,14.4,145,CRUZ_08,2,VE_ROTA_VE_CORREDOR_00|VE_ROTA_VE_TRANSVERSAL_00,AMBULANCIA|AMBULANCIA,1|1,13.2|72.7,2|1,1,1,1,
-1,multiplas_emergencias,PREEMPCAO,103,921.9,950.8,28.9,290,CRUZ_02,2,VE_ROTA_VE_CORREDOR_01|VE_ROTA_VE_TRANSVERSAL_01,BOMBEIRO|BOMBEIRO,2|2,23.0|29.9,1|2,1,1,1,
-1,multiplas_emergencias,PREEMPCAO,103,1525.4,1555.7,30.3,304,CRUZ_02,2,VE_ROTA_VE_CORREDOR_02|VE_ROTA_VE_TRANSVERSAL_02,POLICIA|POLICIA,3|3,50.7|28.7,1|2,1,1,1,
-1,multiplas_emergencias,PREEMPCAO,103,1651.0,1672.3,21.3,214,CRUZ_08,2,VE_ROTA_VE_CORREDOR_02|VE_ROTA_VE_TRANSVERSAL_02,POLICIA|POLICIA,3|3,37.9|15.3,2|1,1,1,1,
-1,multiplas_emergencias,PREEMPCAO,103,2127.6,2160.4,32.8,329,CRUZ_02,2,VE_ROTA_VE_CORREDOR_03|VE_ROTA_VE_TRANSVERSAL_03,AMBULANCIA|AMBULANCIA,1|1,31.2|35.4,1|2,1,1,1,
-1,multiplas_emergencias,PREEMPCAO,103,2272.1,2278.3,6.2,63,CRUZ_08,2,VE_ROTA_VE_CORREDOR_03|VE_ROTA_VE_TRANSVERSAL_03,AMBULANCIA|AMBULANCIA,1|1,5.2|23.0,2|1,1,0,0,VE_ROTA_VE_CORREDOR_03
-1,multiplas_emergencias,PREEMPCAO,103,2723.9,2745.8,21.9,220,CRUZ_02,2,VE_ROTA_VE_CORREDOR_04|VE_ROTA_VE_TRANSVERSAL_04,BOMBEIRO|BOMBEIRO,2|2,105.4|19.6,1|2,1,1,1,
-1,multiplas_emergencias,PREEMPCAO,103,2829.0,2854.0,25.0,251,CRUZ_08,2,VE_ROTA_VE_CORREDOR_04|VE_ROTA_VE_TRANSVERSAL_04,BOMBEIRO|BOMBEIRO,2|2,30.3|17.2,2|1,1,1,1,
-1,multiplas_emergencias,PREEMPCAO,103,3324.3,3346.5,22.2,223,CRUZ_02,2,VE_ROTA_VE_CORREDOR_05|VE_ROTA_VE_TRANSVERSAL_05,POLICIA|POLICIA,3|3,34.4|19.4,1|2,1,1,1,
-1,multiplas_emergencias,PREEMPCAO,103,3451.4,3464.2,12.8,129,CRUZ_08,2,VE_ROTA_VE_CORREDOR_05|VE_ROTA_VE_TRANSVERSAL_05,POLICIA|POLICIA,3|3,38.8|11.7,2|1,1,1,1,
-1,multiplas_emergencias,PREEMPCAO,104,336.6,370.0,33.4,335,CRUZ_02,2,VE_ROTA_VE_CORREDOR_00|VE_ROTA_VE_TRANSVERSAL_00,AMBULANCIA|AMBULANCIA,1|1,60.0|18.8,1|2,1,1,1,
-1,multiplas_emergencias,PREEMPCAO,104,483.7,497.5,13.8,139,CRUZ_08,2,VE_ROTA_VE_CORREDOR_00|VE_ROTA_VE_TRANSVERSAL_00,AMBULANCIA|AMBULANCIA,1|1,54.9|20.9,2|1,1,0,0,VE_ROTA_VE_TRANSVERSAL_00
-1,multiplas_emergencias,PREEMPCAO,104,939.2,957.4,18.2,183,CRUZ_02,2,VE_ROTA_VE_CORREDOR_01|VE_ROTA_VE_TRANSVERSAL_01,BOMBEIRO|BOMBEIRO,2|2,99.8|5.4,1|2,1,0,0,VE_ROTA_VE_TRANSVERSAL_01
-1,multiplas_emergencias,PREEMPCAO,104,1046.7,1101.9,55.2,553,CRUZ_08,2,VE_ROTA_VE_CORREDOR_01|VE_ROTA_VE_TRANSVERSAL_01,BOMBEIRO|BOMBEIRO,2|2,42.5|28.3,2|1,1,1,1,
-1,multiplas_emergencias,PREEMPCAO,104,1522.0,1566.6,44.6,447,CRUZ_02,2,VE_ROTA_VE_CORREDOR_02|VE_ROTA_VE_TRANSVERSAL_02,POLICIA|POLICIA,3|3,23.1|21.7,1|2,1,1,1,
-1,multiplas_emergencias,PREEMPCAO,104,1643.0,1691.5,48.5,486,CRUZ_08,2,VE_ROTA_VE_CORREDOR_02|VE_ROTA_VE_TRANSVERSAL_02,POLICIA|POLICIA,3|3,56.3|35.0,2|1,1,1,1,
-1,multiplas_emergencias,PREEMPCAO,104,2134.6,2156.5,21.9,220,CRUZ_02,2,VE_ROTA_VE_CORREDOR_03|VE_ROTA_VE_TRANSVERSAL_03,AMBULANCIA|AMBULANCIA,1|1,57.2|18.5,1|2,1,1,1,
-1,multiplas_emergencias,PREEMPCAO,104,2267.4,2275.4,8.0,81,CRUZ_08,2,VE_ROTA_VE_CORREDOR_03|VE_ROTA_VE_TRANSVERSAL_03,AMBULANCIA|AMBULANCIA,1|1,58.3|7.9,2|1,1,0,0,VE_ROTA_VE_TRANSVERSAL_03
-1,multiplas_emergencias,PREEMPCAO,104,2722.6,2759.3,36.7,368,CRUZ_02,2,VE_ROTA_VE_CORREDOR_04|VE_ROTA_VE_TRANSVERSAL_04,BOMBEIRO|BOMBEIRO,2|2,42.8|20.9,1|2,1,1,1,
-1,multiplas_emergencias,PREEMPCAO,104,2851.9,2867.5,15.6,157,CRUZ_08,2,VE_ROTA_VE_CORREDOR_04|VE_ROTA_VE_TRANSVERSAL_04,BOMBEIRO|BOMBEIRO,2|2,14.2|42.9,2|1,1,1,1,
-1,multiplas_emergencias,PREEMPCAO,104,3322.2,3345.1,22.9,230,CRUZ_02,2,VE_ROTA_VE_CORREDOR_05|VE_ROTA_VE_TRANSVERSAL_05,POLICIA|POLICIA,3|3,23.1|21.5,1|2,1,1,1,
-1,multiplas_emergencias,PREEMPCAO,105,322.7,349.4,26.7,268,CRUZ_02,2,VE_ROTA_VE_CORREDOR_00|VE_ROTA_VE_TRANSVERSAL_00,AMBULANCIA|AMBULANCIA,1|1,42.4|21.0,1|2,1,1,1,
-1,multiplas_emergencias,PREEMPCAO,105,435.5,459.1,23.6,237,CRUZ_08,2,VE_ROTA_VE_CORREDOR_00|VE_ROTA_VE_TRANSVERSAL_00,AMBULANCIA|AMBULANCIA,1|1,30.3|23.3,2|1,1,1,1,
-1,multiplas_emergencias,PREEMPCAO,105,921.9,950.1,28.2,283,CRUZ_02,2,VE_ROTA_VE_CORREDOR_01|VE_ROTA_VE_TRANSVERSAL_01,BOMBEIRO|BOMBEIRO,2|2,23.0|22.7,1|2,1,1,1,
-1,multiplas_emergencias,PREEMPCAO,105,1055.3,1058.3,3.0,31,CRUZ_08,2,VE_ROTA_VE_CORREDOR_01|VE_ROTA_VE_TRANSVERSAL_01,BOMBEIRO|BOMBEIRO,2|2,60.1|2.0,2|1,1,0,0,VE_ROTA_VE_TRANSVERSAL_01
-1,multiplas_emergencias,PREEMPCAO,105,1522.6,1555.9,33.3,334,CRUZ_02,2,VE_ROTA_VE_CORREDOR_02|VE_ROTA_VE_TRANSVERSAL_02,POLICIA|POLICIA,3|3,29.2|33.7,1|2,1,1,1,
-1,multiplas_emergencias,PREEMPCAO,105,1653.8,1662.9,9.1,92,CRUZ_08,2,VE_ROTA_VE_CORREDOR_02|VE_ROTA_VE_TRANSVERSAL_02,POLICIA|POLICIA,3|3,7.8|23.0,2|1,1,0,0,VE_ROTA_VE_CORREDOR_02
-1,multiplas_emergencias,PREEMPCAO,105,2122.0,2147.9,25.9,260,CRUZ_02,2,VE_ROTA_VE_CORREDOR_03|VE_ROTA_VE_TRANSVERSAL_03,AMBULANCIA|AMBULANCIA,1|1,23.0|21.6,1|2,1,0,0,VE_ROTA_VE_TRANSVERSAL_03
-1,multiplas_emergencias,PREEMPCAO,105,2256.0,2271.4,15.4,155,CRUZ_08,2,VE_ROTA_VE_CORREDOR_03|VE_ROTA_VE_TRANSVERSAL_03,AMBULANCIA|AMBULANCIA,1|1,10.0|39.9,2|1,1,1,1,
-1,multiplas_emergencias,PREEMPCAO,105,2727.2,2747.8,20.6,207,CRUZ_02,2,VE_ROTA_VE_CORREDOR_04|VE_ROTA_VE_TRANSVERSAL_04,BOMBEIRO|BOMBEIRO,2|2,68.6|16.3,1|2,1,1,1,
-1,multiplas_emergencias,PREEMPCAO,105,3327.9,3353.3,25.4,255,CRUZ_02,2,VE_ROTA_VE_CORREDOR_05|VE_ROTA_VE_TRANSVERSAL_05,POLICIA|POLICIA,3|3,105.0|20.3,1|2,1,1,1,
-1,multiplas_emergencias,PREEMPCAO,106,331.1,368.2,37.1,372,CRUZ_02,2,VE_ROTA_VE_CORREDOR_00|VE_ROTA_VE_TRANSVERSAL_00,AMBULANCIA|AMBULANCIA,1|1,72.3|30.4,1|2,1,1,1,
-1,multiplas_emergencias,PREEMPCAO,106,472.1,488.0,15.9,160,CRUZ_08,2,VE_ROTA_VE_CORREDOR_00|VE_ROTA_VE_TRANSVERSAL_00,AMBULANCIA|AMBULANCIA,1|1,14.6|102.7,2|1,1,1,1,
-1,multiplas_emergencias,PREEMPCAO,106,925.5,951.9,26.4,265,CRUZ_02,2,VE_ROTA_VE_CORREDOR_01|VE_ROTA_VE_TRANSVERSAL_01,BOMBEIRO|BOMBEIRO,2|2,29.9|18.0,1|2,1,1,1,
-1,multiplas_emergencias,PREEMPCAO,106,1034.5,1058.5,24.0,241,CRUZ_08,2,VE_ROTA_VE_CORREDOR_01|VE_ROTA_VE_TRANSVERSAL_01,BOMBEIRO|BOMBEIRO,2|2,113.5|17.4,2|1,1,1,1,
-1,multiplas_emergencias,PREEMPCAO,106,1522.2,1545.1,22.9,230,CRUZ_02,2,VE_ROTA_VE_CORREDOR_02|VE_ROTA_VE_TRANSVERSAL_02,POLICIA|POLICIA,3|3,27.3|21.5,1|2,1,1,1,
-1,multiplas_emergencias,PREEMPCAO,106,1624.0,1644.7,20.7,208,CRUZ_08,2,VE_ROTA_VE_CORREDOR_02|VE_ROTA_VE_TRANSVERSAL_02,POLICIA|POLICIA,3|3,35.9|19.9,2|1,1,1,1,
-1,multiplas_emergencias,PREEMPCAO,106,2124.0,2157.4,33.4,335,CRUZ_02,2,VE_ROTA_VE_CORREDOR_03|VE_ROTA_VE_TRANSVERSAL_03,AMBULANCIA|AMBULANCIA,1|1,105.4|21.1,1|2,1,1,1,
-1,multiplas_emergencias,PREEMPCAO,106,2244.7,2269.0,24.3,244,CRUZ_08,2,VE_ROTA_VE_CORREDOR_03|VE_ROTA_VE_TRANSVERSAL_03,AMBULANCIA|AMBULANCIA,1|1,20.3|23.0,2|1,1,1,1,
-1,multiplas_emergencias,PREEMPCAO,106,2721.9,2750.0,28.1,282,CRUZ_02,2,VE_ROTA_VE_CORREDOR_04|VE_ROTA_VE_TRANSVERSAL_04,BOMBEIRO|BOMBEIRO,2|2,23.0|35.4,1|2,1,1,1,
-1,multiplas_emergencias,PREEMPCAO,106,2844.4,2847.0,2.6,27,CRUZ_08,2,VE_ROTA_VE_CORREDOR_04|VE_ROTA_VE_TRANSVERSAL_04,BOMBEIRO|BOMBEIRO,2|2,1.3|42.8,2|1,1,0,0,VE_ROTA_VE_CORREDOR_04
-1,multiplas_emergencias,PREEMPCAO,106,3323.0,3361.2,38.2,383,CRUZ_02,2,VE_ROTA_VE_CORREDOR_05|VE_ROTA_VE_TRANSVERSAL_05,POLICIA|POLICIA,3|3,35.2|39.6,1|2,1,1,1,
-1,multiplas_emergencias,PREEMPCAO,107,326.8,348.7,21.9,220,CRUZ_02,2,VE_ROTA_VE_CORREDOR_00|VE_ROTA_VE_TRANSVERSAL_00,AMBULANCIA|AMBULANCIA,1|1,106.1|16.8,1|2,1,1,1,
-1,multiplas_emergencias,PREEMPCAO,107,455.0,479.3,24.3,244,CRUZ_08,2,VE_ROTA_VE_CORREDOR_00|VE_ROTA_VE_TRANSVERSAL_00,AMBULANCIA|AMBULANCIA,1|1,43.8|10.3,2|1,1,0,0,VE_ROTA_VE_TRANSVERSAL_00
-1,multiplas_emergencias,PREEMPCAO,107,921.9,946.2,24.3,244,CRUZ_02,2,VE_ROTA_VE_CORREDOR_01|VE_ROTA_VE_TRANSVERSAL_01,BOMBEIRO|BOMBEIRO,2|2,23.0|25.1,1|2,1,1,1,
-1,multiplas_emergencias,PREEMPCAO,107,1023.6,1052.6,29.0,291,CRUZ_08,2,VE_ROTA_VE_CORREDOR_01|VE_ROTA_VE_TRANSVERSAL_01,BOMBEIRO|BOMBEIRO,2|2,18.1|42.7,2|1,1,0,0,VE_ROTA_VE_CORREDOR_01
-1,multiplas_emergencias,PREEMPCAO,107,1523.5,1545.1,21.6,217,CRUZ_02,2,VE_ROTA_VE_CORREDOR_02|VE_ROTA_VE_TRANSVERSAL_02,POLICIA|POLICIA,3|3,36.6|20.2,1|2,1,1,1,
-1,multiplas_emergencias,PREEMPCAO,107,1635.2,1635.7,0.5,6,CRUZ_08,2,VE_ROTA_VE_CORREDOR_02|VE_ROTA_VE_TRANSVERSAL_02,POLICIA|POLICIA,3|3,37.2|0.0,2|1,1,0,0,VE_ROTA_VE_TRANSVERSAL_02
-1,multiplas_emergencias,PREEMPCAO,107,2123.9,2158.3,34.4,345,CRUZ_02,2,VE_ROTA_VE_CORREDOR_03|VE_ROTA_VE_TRANSVERSAL_03,AMBULANCIA|AMBULANCIA,1|1,54.2|28.9,1|2,1,1,1,
-1,multiplas_emergencias,PREEMPCAO,107,2241.4,2265.8,24.4,245,CRUZ_08,2,VE_ROTA_VE_CORREDOR_03|VE_ROTA_VE_TRANSVERSAL_03,AMBULANCIA|AMBULANCIA,1|1,26.8|23.1,2|1,1,1,1,
-1,multiplas_emergencias,PREEMPCAO,107,2723.9,2751.4,27.5,276,CRUZ_02,2,VE_ROTA_VE_CORREDOR_04|VE_ROTA_VE_TRANSVERSAL_04,BOMBEIRO|BOMBEIRO,2|2,106.6|23.9,1|2,1,1,1,
-1,multiplas_emergencias,PREEMPCAO,107,2827.0,2858.2,31.2,313,CRUZ_08,2,VE_ROTA_VE_CORREDOR_04|VE_ROTA_VE_TRANSVERSAL_04,BOMBEIRO|BOMBEIRO,2|2,30.1|43.5,2|1,1,1,1,
-1,multiplas_emergencias,PREEMPCAO,107,3322.0,3346.3,24.3,244,CRUZ_02,2,VE_ROTA_VE_CORREDOR_05|VE_ROTA_VE_TRANSVERSAL_05,POLICIA|POLICIA,3|3,23.0|36.5,1|2,1,1,1,
-1,multiplas_emergencias,PREEMPCAO,107,3439.3,3462.4,23.1,232,CRUZ_08,2,VE_ROTA_VE_CORREDOR_05|VE_ROTA_VE_TRANSVERSAL_05,POLICIA|POLICIA,3|3,21.9|28.6,2|1,1,1,1,
-1,multiplas_emergencias,PREEMPCAO,108,331.4,345.0,13.6,137,CRUZ_02,2,VE_ROTA_VE_CORREDOR_00|VE_ROTA_VE_TRANSVERSAL_00,AMBULANCIA|AMBULANCIA,1|1,61.5|12.2,1|2,1,1,1,
-1,multiplas_emergencias,PREEMPCAO,108,442.1,451.2,9.1,92,CRUZ_08,2,VE_ROTA_VE_CORREDOR_00|VE_ROTA_VE_TRANSVERSAL_00,AMBULANCIA|AMBULANCIA,1|1,33.6|8.7,2|1,1,0,0,VE_ROTA_VE_TRANSVERSAL_00
-1,multiplas_emergencias,PREEMPCAO,108,921.9,953.3,31.4,315,CRUZ_02,2,VE_ROTA_VE_CORREDOR_01|VE_ROTA_VE_TRANSVERSAL_01,BOMBEIRO|BOMBEIRO,2|2,23.0|21.6,1|2,1,1,1,
-1,multiplas_emergencias,PREEMPCAO,108,1048.0,1055.1,7.1,72,CRUZ_08,2,VE_ROTA_VE_CORREDOR_01|VE_ROTA_VE_TRANSVERSAL_01,BOMBEIRO|BOMBEIRO,2|2,5.8|23.0,2|1,1,0,0,VE_ROTA_VE_CORREDOR_01
-1,multiplas_emergencias,PREEMPCAO,108,1522.9,1551.8,28.9,290,CRUZ_02,2,VE_ROTA_VE_CORREDOR_02|VE_ROTA_VE_TRANSVERSAL_02,POLICIA|POLICIA,3|3,35.7|20.8,1|2,1,1,1,
-1,multiplas_emergencias,PREEMPCAO,108,1630.6,1671.1,40.5,406,CRUZ_08,2,VE_ROTA_VE_CORREDOR_02|VE_ROTA_VE_TRANSVERSAL_02,POLICIA|POLICIA,3|3,28.6|40.6,2|1,1,1,1,
-1,multiplas_emergencias,PREEMPCAO,108,2123.4,2149.6,26.2,263,CRUZ_02,2,VE_ROTA_VE_CORREDOR_03|VE_ROTA_VE_TRANSVERSAL_03,AMBULANCIA|AMBULANCIA,1|1,51.1|20.3,1|2,1,1,1,
-1,multiplas_emergencias,PREEMPCAO,108,2229.1,2245.9,16.8,169,CRUZ_08,2,VE_ROTA_VE_CORREDOR_03|VE_ROTA_VE_TRANSVERSAL_03,AMBULANCIA|AMBULANCIA,1|1,15.5|109.3,2|1,1,0,0,VE_ROTA_VE_CORREDOR_03
-1,multiplas_emergencias,PREEMPCAO,108,2722.4,2744.9,22.5,226,CRUZ_02,2,VE_ROTA_VE_CORREDOR_04|VE_ROTA_VE_TRANSVERSAL_04,BOMBEIRO|BOMBEIRO,2|2,43.9|21.1,1|2,1,1,1,
-1,multiplas_emergencias,PREEMPCAO,108,2822.5,2846.9,24.4,245,CRUZ_08,2,VE_ROTA_VE_CORREDOR_04|VE_ROTA_VE_TRANSVERSAL_04,BOMBEIRO|BOMBEIRO,2|2,53.6|23.0,2|1,1,1,1,
-1,multiplas_emergencias,PREEMPCAO,108,3322.4,3346.7,24.3,244,CRUZ_02,2,VE_ROTA_VE_CORREDOR_05|VE_ROTA_VE_TRANSVERSAL_05,POLICIA|POLICIA,3|3,23.0|38.5,1|2,1,1,1,
-1,multiplas_emergencias,PREEMPCAO,109,324.0,355.9,31.9,320,CRUZ_02,2,VE_ROTA_VE_CORREDOR_00|VE_ROTA_VE_TRANSVERSAL_00,AMBULANCIA|AMBULANCIA,1|1,107.7|29.9,1|2,1,1,1,
-1,multiplas_emergencias,PREEMPCAO,109,447.7,477.5,29.8,299,CRUZ_08,2,VE_ROTA_VE_CORREDOR_00|VE_ROTA_VE_TRANSVERSAL_00,AMBULANCIA|AMBULANCIA,1|1,31.6|15.2,2|1,1,1,1,
-1,multiplas_emergencias,PREEMPCAO,109,921.9,948.7,26.8,269,CRUZ_02,2,VE_ROTA_VE_CORREDOR_01|VE_ROTA_VE_TRANSVERSAL_01,BOMBEIRO|BOMBEIRO,2|2,23.0|27.7,1|2,1,1,1,
-1,multiplas_emergencias,PREEMPCAO,109,1522.2,1545.1,22.9,230,CRUZ_02,2,VE_ROTA_VE_CORREDOR_02|VE_ROTA_VE_TRANSVERSAL_02,POLICIA|POLICIA,3|3,27.4|21.5,1|2,1,1,1,
-1,multiplas_emergencias,PREEMPCAO,109,1624.6,1632.1,7.5,76,CRUZ_08,2,VE_ROTA_VE_CORREDOR_02|VE_ROTA_VE_TRANSVERSAL_02,POLICIA|POLICIA,3|3,32.6|6.5,2|1,1,0,0,VE_ROTA_VE_TRANSVERSAL_02
-1,multiplas_emergencias,PREEMPCAO,109,2130.4,2162.9,32.5,326,CRUZ_02,2,VE_ROTA_VE_CORREDOR_03|VE_ROTA_VE_TRANSVERSAL_03,AMBULANCIA|AMBULANCIA,1|1,52.7|30.3,1|2,1,1,1,
-1,multiplas_emergencias,PREEMPCAO,109,2243.9,2286.2,42.3,424,CRUZ_08,2,VE_ROTA_VE_CORREDOR_03|VE_ROTA_VE_TRANSVERSAL_03,AMBULANCIA|AMBULANCIA,1|1,41.0|31.7,2|1,1,1,1,
-1,multiplas_emergencias,PREEMPCAO,109,2722.7,2754.9,32.2,323,CRUZ_02,2,VE_ROTA_VE_CORREDOR_04|VE_ROTA_VE_TRANSVERSAL_04,BOMBEIRO|BOMBEIRO,2|2,44.0|31.0,1|2,1,1,1,
-1,multiplas_emergencias,PREEMPCAO,109,3322.0,3349.6,27.6,277,CRUZ_02,2,VE_ROTA_VE_CORREDOR_05|VE_ROTA_VE_TRANSVERSAL_05,POLICIA|POLICIA,3|3,23.0|21.7,1|2,1,1,1,
-1,multiplas_emergencias,PREEMPCAO,109,3436.0,3461.6,25.6,257,CRUZ_08,2,VE_ROTA_VE_CORREDOR_05|VE_ROTA_VE_TRANSVERSAL_05,POLICIA|POLICIA,3|3,48.7|25.4,2|1,1,1,1,
-1,multiplas_emergencias,PREEMPCAO,110,329.0,347.6,18.6,187,CRUZ_02,2,VE_ROTA_VE_CORREDOR_00|VE_ROTA_VE_TRANSVERSAL_00,AMBULANCIA|AMBULANCIA,1|1,125.0|14.6,1|2,1,1,1,
-1,multiplas_emergencias,PREEMPCAO,110,936.0,955.6,19.6,197,CRUZ_02,2,VE_ROTA_VE_CORREDOR_01|VE_ROTA_VE_TRANSVERSAL_01,BOMBEIRO|BOMBEIRO,2|2,125.0|14.1,1|2,1,0,0,VE_ROTA_VE_TRANSVERSAL_01
-1,multiplas_emergencias,PREEMPCAO,110,1049.3,1078.3,29.0,291,CRUZ_08,2,VE_ROTA_VE_CORREDOR_01|VE_ROTA_VE_TRANSVERSAL_01,BOMBEIRO|BOMBEIRO,2|2,56.7|23.0,2|1,1,1,1,
-1,multiplas_emergencias,PREEMPCAO,110,1522.0,1555.6,33.6,337,CRUZ_02,2,VE_ROTA_VE_CORREDOR_02|VE_ROTA_VE_TRANSVERSAL_02,POLICIA|POLICIA,3|3,24.3|21.7,1|2,1,1,1,
-1,multiplas_emergencias,PREEMPCAO,110,1630.6,1653.5,22.9,230,CRUZ_08,2,VE_ROTA_VE_CORREDOR_02|VE_ROTA_VE_TRANSVERSAL_02,POLICIA|POLICIA,3|3,21.6|109.2,2|1,1,1,1,
-1,multiplas_emergencias,PREEMPCAO,110,2128.9,2153.4,24.5,246,CRUZ_02,2,VE_ROTA_VE_CORREDOR_03|VE_ROTA_VE_TRANSVERSAL_03,AMBULANCIA|AMBULANCIA,1|1,43.6|21.8,1|2,1,1,1,
-1,multiplas_emergencias,PREEMPCAO,110,2246.9,2274.3,27.4,275,CRUZ_08,2,VE_ROTA_VE_CORREDOR_03|VE_ROTA_VE_TRANSVERSAL_03,AMBULANCIA|AMBULANCIA,1|1,34.5|20.4,2|1,1,1,1,
-1,multiplas_emergencias,PREEMPCAO,110,2722.6,2745.0,22.4,225,CRUZ_02,2,VE_ROTA_VE_CORREDOR_04|VE_ROTA_VE_TRANSVERSAL_04,BOMBEIRO|BOMBEIRO,2|2,43.1|20.9,1|2,1,1,1,
-1,multiplas_emergencias,PREEMPCAO,110,2818.6,2869.1,50.5,506,CRUZ_08,2,VE_ROTA_VE_CORREDOR_04|VE_ROTA_VE_TRANSVERSAL_04,BOMBEIRO|BOMBEIRO,2|2,53.0|23.0,2|1,1,1,1,
-1,multiplas_emergencias,PREEMPCAO,110,3322.0,3352.3,30.3,304,CRUZ_02,2,VE_ROTA_VE_CORREDOR_05|VE_ROTA_VE_TRANSVERSAL_05,POLICIA|POLICIA,3|3,23.0|26.3,1|2,1,1,1,
-1,multiplas_emergencias,PREEMPCAO,110,3440.6,3478.3,37.7,378,CRUZ_08,2,VE_ROTA_VE_CORREDOR_05|VE_ROTA_VE_TRANSVERSAL_05,POLICIA|POLICIA,3|3,36.1|32.8,2|1,1,1,1,
