id_execucao,cenario,modo,seed,t_inicio_s,t_fim_s,duracao_s,passos,id_semaforo,n_ves,ids_veiculos,tipos,etas_s,fases_desejadas,decidivel,decidivel_em_algum_passo,preempcao_em_curso
-1,multiplas_emergencias,PREEMPCAO,101,330.8,332.1,1.3,14,CRUZ_02,2,VE_ROTA_VE_CORREDOR_00|VE_ROTA_VE_TRANSVERSAL_00,AMBULANCIA|AMBULANCIA,63.5|12.8,1|2,1,1,
-1,multiplas_emergencias,PREEMPCAO,101,333.3,345.0,11.7,118,CRUZ_02,2,VE_ROTA_VE_CORREDOR_00|VE_ROTA_VE_TRANSVERSAL_00,AMBULANCIA|AMBULANCIA,32.3|10.3,1|2,1,1,
-1,multiplas_emergencias,PREEMPCAO,101,936.0,939.4,3.4,35,CRUZ_02,2,VE_ROTA_VE_CORREDOR_01|VE_ROTA_VE_TRANSVERSAL_01,BOMBEIRO|BOMBEIRO,125.0|7.5,1|2,0,0,VE_ROTA_VE_TRANSVERSAL_01
-1,multiplas_emergencias,PREEMPCAO,101,941.1,946.8,5.7,58,CRUZ_02,2,VE_ROTA_VE_CORREDOR_01|VE_ROTA_VE_TRANSVERSAL_01,BOMBEIRO|BOMBEIRO,47.5|3.7,1|2,0,0,VE_ROTA_VE_TRANSVERSAL_01
-1,multiplas_emergencias,PREEMPCAO,101,1522.0,1522.6,0.6,7,CRUZ_02,2,VE_ROTA_VE_CORREDOR_02|VE_ROTA_VE_TRANSVERSAL_02,POLICIA|POLICIA,23.0|29.4,1|2,1,1,
-1,multiplas_emergencias,PREEMPCAO,101,1523.3,1549.0,25.7,258,CRUZ_02,2,VE_ROTA_VE_CORREDOR_02|VE_ROTA_VE_TRANSVERSAL_02,POLICIA|POLICIA,22.4|28.1,1|2,1,1,
-1,multiplas_emergencias,PREEMPCAO,101,2122.6,2123.4,0.8,9,CRUZ_02,2,VE_ROTA_VE_CORREDOR_03|VE_ROTA_VE_TRANSVERSAL_03,AMBULANCIA|AMBULANCIA,30.9|41.3,1|2,1,1,
-1,multiplas_emergencias,PREEMPCAO,101,2124.4,2155.5,31.1,312,CRUZ_02,2,VE_ROTA_VE_CORREDOR_03|VE_ROTA_VE_TRANSVERSAL_03,AMBULANCIA|AMBULANCIA,30.2|39.4,1|2,1,1,
-1,multiplas_emergencias,PREEMPCAO,101,2723.6,2725.3,1.7,18,CRUZ_02,2,VE_ROTA_VE_CORREDOR_04|VE_ROTA_VE_TRANSVERSAL_04,BOMBEIRO|BOMBEIRO,64.1|19.9,1|2,1,1,
-1,multiplas_emergencias,PREEMPCAO,101,2727.0,2755.6,28.6,287,CRUZ_02,2,VE_ROTA_VE_CORREDOR_04|VE_ROTA_VE_TRANSVERSAL_04,BOMBEIRO|BOMBEIRO,47.1|20.9,1|2,1,1,
-1,multiplas_emergencias,PREEMPCAO,101,3325.3,3331.7,6.4,65,CRUZ_02,2,VE_ROTA_VE_CORREDOR_05|VE_ROTA_VE_TRANSVERSAL_05,POLICIA|POLICIA,105.2|18.4,1|2,1,1,
-1,multiplas_emergencias,PREEMPCAO,101,3333.9,3348.2,14.3,144,CRUZ_02,2,VE_ROTA_VE_CORREDOR_05|VE_ROTA_VE_TRANSVERSAL_05,POLICIA|POLICIA,52.9|9.8,1|2,0,0,VE_ROTA_VE_TRANSVERSAL_05
-1,multiplas_emergencias,PREEMPCAO,102,322.7,327.7,5.0,51,CRUZ_02,2,VE_ROTA_VE_CORREDOR_00|VE_ROTA_VE_TRANSVERSAL_00,AMBULANCIA|AMBULANCIA,43.2|21.0,1|2,1,1,
-1,multiplas_emergencias,PREEMPCAO,102,330.3,345.0,14.7,148,CRUZ_02,2,VE_ROTA_VE_CORREDOR_00|VE_ROTA_VE_TRANSVERSAL_00,AMBULANCIA|AMBULANCIA,51.1|13.3,1|2,1,1,
-1,multiplas_emergencias,PREEMPCAO,102,924.8,925.5,0.7,8,CRUZ_02,2,VE_ROTA_VE_CORREDOR_01|VE_ROTA_VE_TRANSVERSAL_01,BOMBEIRO|BOMBEIRO,29.7|18.7,1|2,1,1,
-1,multiplas_emergencias,PREEMPCAO,102,926.4,947.1,20.7,208,CRUZ_02,2,VE_ROTA_VE_CORREDOR_01|VE_ROTA_VE_TRANSVERSAL_01,BOMBEIRO|BOMBEIRO,24.0|17.1,1|2,1,1,
-1,multiplas_emergencias,PREEMPCAO,102,1523.5,1524.4,0.9,10,CRUZ_02,2,VE_ROTA_VE_CORREDOR_02|VE_ROTA_VE_TRANSVERSAL_02,POLICIA|POLICIA,32.6|20.2,1|2,1,1,
-1,multiplas_emergencias,PREEMPCAO,102,1525.4,1545.1,19.7,198,CRUZ_02,2,VE_ROTA_VE_CORREDOR_02|VE_ROTA_VE_TRANSVERSAL_02,POLICIA|POLICIA,31.0|18.3,1|2,1,1,
-1,multiplas_emergencias,PREEMPCAO,102,2126.6,2128.2,1.6,17,CRUZ_02,2,VE_ROTA_VE_CORREDOR_03|VE_ROTA_VE_TRANSVERSAL_03,AMBULANCIA|AMBULANCIA,69.0|38.7,1|2,1,1,
-1,multiplas_emergencias,PREEMPCAO,102,2129.7,2163.7,34.0,341,CRUZ_02,2,VE_ROTA_VE_CORREDOR_03|VE_ROTA_VE_TRANSVERSAL_03,AMBULANCIA|AMBULANCIA,41.6|36.4,1|2,1,1,
-1,multiplas_emergencias,PREEMPCAO,102,2722.3,2722.9,0.6,7,CRUZ_02,2,VE_ROTA_VE_CORREDOR_04|VE_ROTA_VE_TRANSVERSAL_04,BOMBEIRO|BOMBEIRO,25.5|21.2,1|2,1,1,
-1,multiplas_emergencias,PREEMPCAO,102,2723.6,2744.9,21.3,214,CRUZ_02,2,VE_ROTA_VE_CORREDOR_04|VE_ROTA_VE_TRANSVERSAL_04,BOMBEIRO|BOMBEIRO,22.4|19.9,1|2,1,1,
-1,multiplas_emergencias,PREEMPCAO,102,3322.1,3322.8,0.7,8,CRUZ_02,2,VE_ROTA_VE_CORREDOR_05|VE_ROTA_VE_TRANSVERSAL_05,POLICIA|POLICIA,26.7|21.6,1|2,1,1,
-1,multiplas_emergencias,PREEMPCAO,102,3323.8,3350.1,26.3,264,CRUZ_02,2,VE_ROTA_VE_CORREDOR_05|VE_ROTA_VE_TRANSVERSAL_05,POLICIA|POLICIA,28.6|19.9,1|2,0,0,VE_ROTA_VE_TRANSVERSAL_05
-1,multiplas_emergencias,PREEMPCAO,103,322.5,327.7,5.2,53,CRUZ_02,2,VE_ROTA_VE_CORREDOR_00|VE_ROTA_VE_TRANSVERSAL_00,AMBULANCIA|AMBULANCIA,44.0|32.4,1|2,1,1,
-1,multiplas_emergencias,PREEMPCAO,103,330.2,358.5,28.3,284,CRUZ_02,2,VE_ROTA_VE_CORREDOR_00|VE_ROTA_VE_TRANSVERSAL_00,AMBULANCIA|AMBULANCIA,52.2|24.1,1|2,1,1,
-1,multiplas_emergencias,PREEMPCAO,103,921.9,922.5,0.6,7,CRUZ_02,2,VE_ROTA_VE_CORREDOR_01|VE_ROTA_VE_TRANSVERSAL_01,BOMBEIRO|BOMBEIRO,23.0|29.9,1|2,1,1,
-1,multiplas_emergencias,PREEMPCAO,103,923.2,950.9,27.7,278,CRUZ_02,2,VE_ROTA_VE_CORREDOR_01|VE_ROTA_VE_TRANSVERSAL_01,BOMBEIRO|BOMBEIRO,22.4|28.7,1|2,1,1,
-1,multiplas_emergencias,PREEMPCAO,103,1525.5,1526.8,1.3,14,CRUZ_02,2,VE_ROTA_VE_CORREDOR_02|VE_ROTA_VE_TRANSVERSAL_02,POLICIA|POLICIA,50.7|28.5,1|2,1,1,
-1,multiplas_emergencias,PREEMPCAO,103,1528.3,1555.8,27.5,276,CRUZ_02,2,VE_ROTA_VE_CORREDOR_02|VE_ROTA_VE_TRANSVERSAL_02,POLICIA|POLICIA,44.7|25.7,1|2,1,1,
-1,multiplas_emergencias,PREEMPCAO,103,2127.6,2128.3,0.7,8,CRUZ_02,2,VE_ROTA_VE_CORREDOR_03|VE_ROTA_VE_TRANSVERSAL_03,AMBULANCIA|AMBULANCIA,30.7|35.5,1|2,1,1,
-1,multiplas_emergencias,PREEMPCAO,103,2129.3,2173.0,43.7,438,CRUZ_02,2,VE_ROTA_VE_CORREDOR_03|VE_ROTA_VE_TRANSVERSAL_03,AMBULANCIA|AMBULANCIA,29.2|33.8,1|2,1,1,
-1,multiplas_emergencias,PREEMPCAO,103,2723.9,2731.3,7.4,75,CRUZ_02,2,VE_ROTA_VE_CORREDOR_04|VE_ROTA_VE_TRANSVERSAL_04,BOMBEIRO|BOMBEIRO,105.4|19.6,1|2,1,1,
-1,multiplas_emergencias,PREEMPCAO,103,2733.3,2745.8,12.5,126,CRUZ_02,2,VE_ROTA_VE_CORREDOR_04|VE_ROTA_VE_TRANSVERSAL_04,BOMBEIRO|BOMBEIRO,51.8|10.2,1|2,0,0,VE_ROTA_VE_TRANSVERSAL_04
-1,multiplas_emergencias,PREEMPCAO,103,3324.3,3325.2,0.9,10,CRUZ_02,2,VE_ROTA_VE_CORREDOR_05|VE_ROTA_VE_TRANSVERSAL_05,POLICIA|POLICIA,34.3|19.4,1|2,1,1,
-1,multiplas_emergencias,PREEMPCAO,103,3326.3,3346.5,20.2,203,CRUZ_02,2,VE_ROTA_VE_CORREDOR_05|VE_ROTA_VE_TRANSVERSAL_05,POLICIA|POLICIA,34.0|17.4,1|2,1,1,
-1,multiplas_emergencias,PREEMPCAO,104,336.6,338.1,1.5,16,CRUZ_02,2,VE_ROTA_VE_CORREDOR_00|VE_ROTA_VE_TRANSVERSAL_00,AMBULANCIA|AMBULANCIA,60.0|18.8,1|2,1,1,
-1,multiplas_emergencias,PREEMPCAO,104,339.6,370.0,30.4,305,CRUZ_02,2,VE_ROTA_VE_CORREDOR_00|VE_ROTA_VE_TRANSVERSAL_00,AMBULANCIA|AMBULANCIA,44.8|15.9,1|2,1,1,
-1,multiplas_emergencias,PREEMPCAO,104,939.3,941.3,2.0,21,CRUZ_02,2,VE_ROTA_VE_CORREDOR_01|VE_ROTA_VE_TRANSVERSAL_01,BOMBEIRO|BOMBEIRO,101.6|5.3,1|2,0,0,VE_ROTA_VE_TRANSVERSAL_01
-1,multiplas_emergencias,PREEMPCAO,104,942.9,956.3,13.4,135,CRUZ_02,2,VE_ROTA_VE_CORREDOR_01|VE_ROTA_VE_TRANSVERSAL_01,BOMBEIRO|BOMBEIRO,43.3|6.8,1|2,0,0,VE_ROTA_VE_TRANSVERSAL_01
-1,multiplas_emergencias,PREEMPCAO,104,1522.0,1522.6,0.6,7,CRUZ_02,2,VE_ROTA_VE_CORREDOR_02|VE_ROTA_VE_TRANSVERSAL_02,POLICIA|POLICIA,23.0|21.7,1|2,1,1,
-1,multiplas_emergencias,PREEMPCAO,104,1523.3,1549.3,26.0,261,CRUZ_02,2,VE_ROTA_VE_CORREDOR_02|VE_ROTA_VE_TRANSVERSAL_02,POLICIA|POLICIA,22.4|20.4,1|2,1,1,
-1,multiplas_emergencias,PREEMPCAO,104,2134.4,2135.9,1.5,16,CRUZ_02,2,VE_ROTA_VE_CORREDOR_03|VE_ROTA_VE_TRANSVERSAL_03,AMBULANCIA|AMBULANCIA,55.5|18.7,1|2,1,1,
-1,multiplas_emergencias,PREEMPCAO,104,2137.4,2155.1,17.7,178,CRUZ_02,2,VE_ROTA_VE_CORREDOR_03|VE_ROTA_VE_TRANSVERSAL_03,AMBULANCIA|AMBULANCIA,46.4|15.8,1|2,1,1,
-1,multiplas_emergencias,PREEMPCAO,104,2722.6,2729.6,7.0,71,CRUZ_02,2,VE_ROTA_VE_CORREDOR_04|VE_ROTA_VE_TRANSVERSAL_04,BOMBEIRO|BOMBEIRO,42.8|20.9,1|2,1,1,
-1,multiplas_emergencias,PREEMPCAO,104,2732.2,2756.6,24.4,245,CRUZ_02,2,VE_ROTA_VE_CORREDOR_04|VE_ROTA_VE_TRANSVERSAL_04,BOMBEIRO|BOMBEIRO,51.1|18.9,1|2,1,1,
-1,multiplas_emergencias,PREEMPCAO,104,3322.2,3322.8,0.6,7,CRUZ_02,2,VE_ROTA_VE_CORREDOR_05|VE_ROTA_VE_TRANSVERSAL_05,POLICIA|POLICIA,23.1|21.5,1|2,1,1,
-1,multiplas_emergencias,PREEMPCAO,104,3323.6,3345.1,21.5,216,CRUZ_02,2,VE_ROTA_VE_CORREDOR_05|VE_ROTA_VE_TRANSVERSAL_05,POLICIA|POLICIA,22.3|20.1,1|2,1,1,
-1,multiplas_emergencias,PREEMPCAO,105,322.7,327.7,5.0,51,CRUZ_02,2,VE_ROTA_VE_CORREDOR_00|VE_ROTA_VE_TRANSVERSAL_00,AMBULANCIA|AMBULANCIA,42.4|21.0,1|2,1,1,
-1,multiplas_emergencias,PREEMPCAO,105,330.3,349.4,19.1,192,CRUZ_02,2,VE_ROTA_VE_CORREDOR_00|VE_ROTA_VE_TRANSVERSAL_00,AMBULANCIA|AMBULANCIA,51.4|13.3,1|2,1,1,
-1,multiplas_emergencias,PREEMPCAO,105,921.9,922.5,0.6,7,CRUZ_02,2,VE_ROTA_VE_CORREDOR_01|VE_ROTA_VE_TRANSVERSAL_01,BOMBEIRO|BOMBEIRO,23.0|22.7,1|2,1,1,
-1,multiplas_emergencias,PREEMPCAO,105,923.2,950.1,26.9,270,CRUZ_02,2,VE_ROTA_VE_CORREDOR_01|VE_ROTA_VE_TRANSVERSAL_01,BOMBEIRO|BOMBEIRO,23.4|22.6,1|2,1,1,
-1,multiplas_emergencias,PREEMPCAO,105,1522.6,1523.4,0.8,9,CRUZ_02,2,VE_ROTA_VE_CORREDOR_02|VE_ROTA_VE_TRANSVERSAL_02,POLICIA|POLICIA,29.1|33.8,1|2,1,1,
-1,multiplas_emergencias,PREEMPCAO,105,1524.3,1569.1,44.8,449,CRUZ_02,2,VE_ROTA_VE_CORREDOR_02|VE_ROTA_VE_TRANSVERSAL_02,POLICIA|POLICIA,29.2|32.5,1|2,1,1,
-1,multiplas_emergencias,PREEMPCAO,105,2122.0,2122.5,0.5,6,CRUZ_02,2,VE_ROTA_VE_CORREDOR_03|VE_ROTA_VE_TRANSVERSAL_03,AMBULANCIA|AMBULANCIA,23.0|21.6,1|2,0,0,VE_ROTA_VE_TRANSVERSAL_03
-1,multiplas_emergencias,PREEMPCAO,105,2123.3,2149.4,26.1,262,CRUZ_02,2,VE_ROTA_VE_CORREDOR_03|VE_ROTA_VE_TRANSVERSAL_03,AMBULANCIA|AMBULANCIA,22.4|20.4,1|2,0,0,VE_ROTA_VE_TRANSVERSAL_03
-1,multiplas_emergencias,PREEMPCAO,105,2727.2,2728.9,1.7,18,CRUZ_02,2,VE_ROTA_VE_CORREDOR_04|VE_ROTA_VE_TRANSVERSAL_04,BOMBEIRO|BOMBEIRO,68.3|16.3,1|2,1,1,
-1,multiplas_emergencias,PREEMPCAO,105,2730.5,2747.8,17.3,174,CRUZ_02,2,VE_ROTA_VE_CORREDOR_04|VE_ROTA_VE_TRANSVERSAL_04,BOMBEIRO|BOMBEIRO,43.0|13.0,1|2,1,1,
-1,multiplas_emergencias,PREEMPCAO,105,3327.9,3336.6,8.7,88,CRUZ_02,2,VE_ROTA_VE_CORREDOR_05|VE_ROTA_VE_TRANSVERSAL_05,POLICIA|POLICIA,104.6|20.3,1|2,1,1,
-1,multiplas_emergencias,PREEMPCAO,105,3338.7,3353.2,14.5,146,CRUZ_02,2,VE_ROTA_VE_CORREDOR_05|VE_ROTA_VE_TRANSVERSAL_05,POLICIA|POLICIA,52.0|11.4,1|2,0,0,VE_ROTA_VE_TRANSVERSAL_05
-1,multiplas_emergencias,PREEMPCAO,106,331.1,332.8,1.7,18,CRUZ_02,2,VE_ROTA_VE_CORREDOR_00|VE_ROTA_VE_TRANSVERSAL_00,AMBULANCIA|AMBULANCIA,72.3|30.4,1|2,1,1,
-1,multiplas_emergencias,PREEMPCAO,106,334.3,368.2,33.9,340,CRUZ_02,2,VE_ROTA_VE_CORREDOR_00|VE_ROTA_VE_TRANSVERSAL_00,AMBULANCIA|AMBULANCIA,42.7|27.3,1|2,1,1,
-1,multiplas_emergencias,PREEMPCAO,106,925.5,926.2,0.7,8,CRUZ_02,2,VE_ROTA_VE_CORREDOR_01|VE_ROTA_VE_TRANSVERSAL_01,BOMBEIRO|BOMBEIRO,29.8|18.0,1|2,1,1,
-1,multiplas_emergencias,PREEMPCAO,106,927.2,951.9,24.7,248,CRUZ_02,2,VE_ROTA_VE_CORREDOR_01|VE_ROTA_VE_TRANSVERSAL_01,BOMBEIRO|BOMBEIRO,29.0|16.3,1|2,1,1,
-1,multiplas_emergencias,PREEMPCAO,106,1522.2,1522.9,0.7,8,CRUZ_02,2,VE_ROTA_VE_CORREDOR_02|VE_ROTA_VE_TRANSVERSAL_02,POLICIA|POLICIA,27.6|21.5,1|2,1,1,
-1,multiplas_emergencias,PREEMPCAO,106,1523.9,1545.1,21.2,213,CRUZ_02,2,VE_ROTA_VE_CORREDOR_02|VE_ROTA_VE_TRANSVERSAL_02,POLICIA|POLICIA,27.5|19.8,1|2,1,1,
-1,multiplas_emergencias,PREEMPCAO,106,2124.0,2127.0,3.0,31,CRUZ_02,2,VE_ROTA_VE_CORREDOR_03|VE_ROTA_VE_TRANSVERSAL_03,AMBULANCIA|AMBULANCIA,105.8|21.2,1|2,1,1,
-1,multiplas_emergencias,PREEMPCAO,106,2129.0,2157.2,28.2,283,CRUZ_02,2,VE_ROTA_VE_CORREDOR_03|VE_ROTA_VE_TRANSVERSAL_03,AMBULANCIA|AMBULANCIA,49.8|21.8,1|2,1,1,
-1,multiplas_emergencias,PREEMPCAO,106,2721.9,2722.5,0.6,7,CRUZ_02,2,VE_ROTA_VE_CORREDOR_04|VE_ROTA_VE_TRANSVERSAL_04,BOMBEIRO|BOMBEIRO,23.0|35.2,1|2,1,1,
-1,multiplas_emergencias,PREEMPCAO,106,2723.2,2750.0,26.8,269,CRUZ_02,2,VE_ROTA_VE_CORREDOR_04|VE_ROTA_VE_TRANSVERSAL_04,BOMBEIRO|BOMBEIRO,22.4|34.4,1|2,1,1,
-1,multiplas_emergencias,PREEMPCAO,106,3323.1,3324.0,0.9,10,CRUZ_02,2,VE_ROTA_VE_CORREDOR_05|VE_ROTA_VE_TRANSVERSAL_05,POLICIA|POLICIA,35.9|39.4,1|2,0,0,VE_ROTA_VE_TRANSVERSAL_05
-1,multiplas_emergencias,PREEMPCAO,106,3325.2,3358.0,32.8,329,CRUZ_02,2,VE_ROTA_VE_CORREDOR_05|VE_ROTA_VE_TRANSVERSAL_05,POLICIA|POLICIA,36.7|37.5,1|2,0,1,VE_ROTA_VE_TRANSVERSAL_05
-1,multiplas_emergencias,PREEMPCAO,107,326.8,330.4,3.6,37,CRUZ_02,2,VE_ROTA_VE_CORREDOR_00|VE_ROTA_VE_TRANSVERSAL_00,AMBULANCIA|AMBULANCIA,106.1|16.8,1|2,1,1,
-1,multiplas_emergencias,PREEMPCAO,107,332.4,348.7,16.3,164,CRUZ_02,2,VE_ROTA_VE_CORREDOR_00|VE_ROTA_VE_TRANSVERSAL_00,AMBULANCIA|AMBULANCIA,52.0|12.9,1|2,1,1,
-1,multiplas_emergencias,PREEMPCAO,107,921.9,922.5,0.6,7,CRUZ_02,2,VE_ROTA_VE_CORREDOR_01|VE_ROTA_VE_TRANSVERSAL_01,BOMBEIRO|BOMBEIRO,23.0|25.2,1|2,1,1,
-1,multiplas_emergencias,PREEMPCAO,107,923.2,946.2,23.0,231,CRUZ_02,2,VE_ROTA_VE_CORREDOR_01|VE_ROTA_VE_TRANSVERSAL_01,BOMBEIRO|BOMBEIRO,22.4|24.4,1|2,1,1,
-1,multiplas_emergencias,PREEMPCAO,107,1523.4,1524.3,0.9,10,CRUZ_02,2,VE_ROTA_VE_CORREDOR_02|VE_ROTA_VE_TRANSVERSAL_02,POLICIA|POLICIA,35.3|20.3,1|2,1,1,
-1,multiplas_emergencias,PREEMPCAO,107,1525.4,1545.1,19.7,198,CRUZ_02,2,VE_ROTA_VE_CORREDOR_02|VE_ROTA_VE_TRANSVERSAL_02,POLICIA|POLICIA,35.7|18.3,1|2,1,1,
-1,multiplas_emergencias,PREEMPCAO,107,2123.9,2125.3,1.4,15,CRUZ_02,2,VE_ROTA_VE_CORREDOR_03|VE_ROTA_VE_TRANSVERSAL_03,AMBULANCIA|AMBULANCIA,53.8|28.7,1|2,1,1,
-1,multiplas_emergencias,PREEMPCAO,107,2126.7,2158.2,31.5,316,CRUZ_02,2,VE_ROTA_VE_CORREDOR_03|VE_ROTA_VE_TRANSVERSAL_03,AMBULANCIA|AMBULANCIA,41.7|26.1,1|2,1,1,
-1,multiplas_emergencias,PREEMPCAO,107,2723.9,2729.6,5.7,58,CRUZ_02,2,VE_ROTA_VE_CORREDOR_04|VE_ROTA_VE_TRANSVERSAL_04,BOMBEIRO|BOMBEIRO,106.9|23.7,1|2,1,1,
-1,multiplas_emergencias,PREEMPCAO,107,2731.6,2751.0,19.4,195,CRUZ_02,2,VE_ROTA_VE_CORREDOR_04|VE_ROTA_VE_TRANSVERSAL_04,BOMBEIRO|BOMBEIRO,52.0|16.2,1|2,1,1,
-1,multiplas_emergencias,PREEMPCAO,107,3322.0,3322.6,0.6,7,CRUZ_02,2,VE_ROTA_VE_CORREDOR_05|VE_ROTA_VE_TRANSVERSAL_05,POLICIA|POLICIA,23.0|36.5,1|2,1,1,
-1,multiplas_emergencias,PREEMPCAO,107,3323.3,3346.3,23.0,231,CRUZ_02,2,VE_ROTA_VE_CORREDOR_05|VE_ROTA_VE_TRANSVERSAL_05,POLICIA|POLICIA,22.4|35.4,1|2,1,1,
-1,multiplas_emergencias,PREEMPCAO,108,331.4,332.9,1.5,16,CRUZ_02,2,VE_ROTA_VE_CORREDOR_00|VE_ROTA_VE_TRANSVERSAL_00,AMBULANCIA|AMBULANCIA,61.5|12.2,1|2,1,1,
-1,multiplas_emergencias,PREEMPCAO,108,334.3,345.0,10.7,108,CRUZ_02,2,VE_ROTA_VE_CORREDOR_00|VE_ROTA_VE_TRANSVERSAL_00,AMBULANCIA|AMBULANCIA,40.2|9.3,1|2,0,0,VE_ROTA_VE_TRANSVERSAL_00
-1,multiplas_emergencias,PREEMPCAO,108,921.9,922.5,0.6,7,CRUZ_02,2,VE_ROTA_VE_CORREDOR_01|VE_ROTA_VE_TRANSVERSAL_01,BOMBEIRO|BOMBEIRO,23.0|21.6,1|2,1,1,
-1,multiplas_emergencias,PREEMPCAO,108,923.2,953.4,30.2,303,CRUZ_02,2,VE_ROTA_VE_CORREDOR_01|VE_ROTA_VE_TRANSVERSAL_01,BOMBEIRO|BOMBEIRO,22.4|20.3,1|2,1,1,
-1,multiplas_emergencias,PREEMPCAO,108,1522.9,1523.9,1.0,11,CRUZ_02,2,VE_ROTA_VE_CORREDOR_02|VE_ROTA_VE_TRANSVERSAL_02,POLICIA|POLICIA,35.3|20.8,1|2,1,1,
-1,multiplas_emergencias,PREEMPCAO,108,1525.0,1551.8,26.8,269,CRUZ_02,2,VE_ROTA_VE_CORREDOR_02|VE_ROTA_VE_TRANSVERSAL_02,POLICIA|POLICIA,31.9|19.8,1|2,1,1,
-1,multiplas_emergencias,PREEMPCAO,108,2123.4,2124.8,1.4,15,CRUZ_02,2,VE_ROTA_VE_CORREDOR_03|VE_ROTA_VE_TRANSVERSAL_03,AMBULANCIA|AMBULANCIA,51.2|20.3,1|2,1,1,
-1,multiplas_emergencias,PREEMPCAO,108,2126.2,2149.6,23.4,235,CRUZ_02,2,VE_ROTA_VE_CORREDOR_03|VE_ROTA_VE_TRANSVERSAL_03,AMBULANCIA|AMBULANCIA,42.5|17.5,1|2,1,1,
-1,multiplas_emergencias,PREEMPCAO,108,2722.4,2728.1,5.7,58,CRUZ_02,2,VE_ROTA_VE_CORREDOR_04|VE_ROTA_VE_TRANSVERSAL_04,BOMBEIRO|BOMBEIRO,43.9|21.1,1|2,1,1,
-1,multiplas_emergencias,PREEMPCAO,108,2730.7,2744.9,14.2,143,CRUZ_02,2,VE_ROTA_VE_CORREDOR_04|VE_ROTA_VE_TRANSVERSAL_04,BOMBEIRO|BOMBEIRO,51.2|12.8,1|2,0,0,VE_ROTA_VE_TRANSVERSAL_04
-1,multiplas_emergencias,PREEMPCAO,108,3322.4,3323.0,0.6,7,CRUZ_02,2,VE_ROTA_VE_CORREDOR_05|VE_ROTA_VE_TRANSVERSAL_05,POLICIA|POLICIA,23.0|38.7,1|2,1,1,
-1,multiplas_emergencias,PREEMPCAO,108,3323.7,3346.7,23.0,231,CRUZ_02,2,VE_ROTA_VE_CORREDOR_05|VE_ROTA_VE_TRANSVERSAL_05,POLICIA|POLICIA,22.4|37.1,1|2,1,1,
-1,multiplas_emergencias,PREEMPCAO,109,324.0,330.2,6.2,63,CRUZ_02,2,VE_ROTA_VE_CORREDOR_00|VE_ROTA_VE_TRANSVERSAL_00,AMBULANCIA|AMBULANCIA,107.7|29.9,1|2,1,1,
-1,multiplas_emergencias,PREEMPCAO,109,332.3,355.9,23.6,237,CRUZ_02,2,VE_ROTA_VE_CORREDOR_00|VE_ROTA_VE_TRANSVERSAL_00,AMBULANCIA|AMBULANCIA,52.3|21.8,1|2,1,1,
-1,multiplas_emergencias,PREEMPCAO,109,921.9,922.5,0.6,7,CRUZ_02,2,VE_ROTA_VE_CORREDOR_01|VE_ROTA_VE_TRANSVERSAL_01,BOMBEIRO|BOMBEIRO,23.0|27.6,1|2,1,1,
-1,multiplas_emergencias,PREEMPCAO,109,923.2,948.7,25.5,256,CRUZ_02,2,VE_ROTA_VE_CORREDOR_01|VE_ROTA_VE_TRANSVERSAL_01,BOMBEIRO|BOMBEIRO,22.4|28.4,1|2,1,1,
-1,multiplas_emergencias,PREEMPCAO,109,1522.2,1522.9,0.7,8,CRUZ_02,2,VE_ROTA_VE_CORREDOR_02|VE_ROTA_VE_TRANSVERSAL_02,POLICIA|POLICIA,27.3|21.5,1|2,1,1,
-1,multiplas_emergencias,PREEMPCAO,109,1523.9,1545.1,21.2,213,CRUZ_02,2,VE_ROTA_VE_CORREDOR_02|VE_ROTA_VE_TRANSVERSAL_02,POLICIA|POLICIA,28.8|19.8,1|2,1,1,
-1,multiplas_emergencias,PREEMPCAO,109,2130.4,2131.7,1.3,14,CRUZ_02,2,VE_ROTA_VE_CORREDOR_03|VE_ROTA_VE_TRANSVERSAL_03,AMBULANCIA|AMBULANCIA,52.5|30.5,1|2,1,1,
-1,multiplas_emergencias,PREEMPCAO,109,2133.2,2162.9,29.7,298,CRUZ_02,2,VE_ROTA_VE_CORREDOR_03|VE_ROTA_VE_TRANSVERSAL_03,AMBULANCIA|AMBULANCIA,42.5|27.7,1|2,1,1,
-1,multiplas_emergencias,PREEMPCAO,109,2722.7,2728.1,5.4,55,CRUZ_02,2,VE_ROTA_VE_CORREDOR_04|VE_ROTA_VE_TRANSVERSAL_04,BOMBEIRO|BOMBEIRO,44.0|30.8,1|2,1,1,
-1,multiplas_emergencias,PREEMPCAO,109,2730.7,2754.9,24.2,243,CRUZ_02,2,VE_ROTA_VE_CORREDOR_04|VE_ROTA_VE_TRANSVERSAL_04,BOMBEIRO|BOMBEIRO,51.2|23.7,1|2,1,1,
-1,multiplas_emergencias,PREEMPCAO,109,3322.0,3322.6,0.6,7,CRUZ_02,2,VE_ROTA_VE_CORREDOR_05|VE_ROTA_VE_TRANSVERSAL_05,POLICIA|POLICIA,23.1|21.7,1|2,1,1,
-1,multiplas_emergencias,PREEMPCAO,109,3323.3,3359.8,36.5,366,CRUZ_02,2,VE_ROTA_VE_CORREDOR_05|VE_ROTA_VE_TRANSVERSAL_05,POLICIA|POLICIA,22.4|20.4,1|2,1,1,
-1,multiplas_emergencias,PREEMPCAO,110,329.0,332.3,3.3,34,CRUZ_02,2,VE_ROTA_VE_CORREDOR_00|VE_ROTA_VE_TRANSVERSAL_00,AMBULANCIA|AMBULANCIA,125.0|14.6,1|2,1,1,
-1,multiplas_emergencias,PREEMPCAO,110,334.0,347.6,13.6,137,CRUZ_02,2,VE_ROTA_VE_CORREDOR_00|VE_ROTA_VE_TRANSVERSAL_00,AMBULANCIA|AMBULANCIA,46.8|9.6,1|2,0,0,VE_ROTA_VE_TRANSVERSAL_00
-1,multiplas_emergencias,PREEMPCAO,110,936.0,939.3,3.3,34,CRUZ_02,2,VE_ROTA_VE_CORREDOR_01|VE_ROTA_VE_TRANSVERSAL_01,BOMBEIRO|BOMBEIRO,125.0|14.0,1|2,0,0,VE_ROTA_VE_TRANSVERSAL_01
-1,multiplas_emergencias,PREEMPCAO,110,941.0,955.7,14.7,148,CRUZ_02,2,VE_ROTA_VE_CORREDOR_01|VE_ROTA_VE_TRANSVERSAL_01,BOMBEIRO|BOMBEIRO,45.1|9.0,1|2,0,0,VE_ROTA_VE_TRANSVERSAL_01
-1,multiplas_emergencias,PREEMPCAO,110,1522.0,1522.7,0.7,8,CRUZ_02,2,VE_ROTA_VE_CORREDOR_02|VE_ROTA_VE_TRANSVERSAL_02,POLICIA|POLICIA,24.3|21.7,1|2,1,1,
-1,multiplas_emergencias,PREEMPCAO,110,1523.5,1555.0,31.5,316,CRUZ_02,2,VE_ROTA_VE_CORREDOR_02|VE_ROTA_VE_TRANSVERSAL_02,POLICIA|POLICIA,24.8|20.2,1|2,1,1,
-1,multiplas_emergencias,PREEMPCAO,110,2129.1,2130.3,1.2,13,CRUZ_02,2,VE_ROTA_VE_CORREDOR_03|VE_ROTA_VE_TRANSVERSAL_03,AMBULANCIA|AMBULANCIA,44.7|21.7,1|2,1,1,
-1,multiplas_emergencias,PREEMPCAO,110,2131.6,2153.4,21.8,219,CRUZ_02,2,VE_ROTA_VE_CORREDOR_03|VE_ROTA_VE_TRANSVERSAL_03,AMBULANCIA|AMBULANCIA,40.6|19.5,1|2,1,1,
-1,multiplas_emergencias,PREEMPCAO,110,2722.6,2725.9,3.3,34,CRUZ_02,2,VE_ROTA_VE_CORREDOR_04|VE_ROTA_VE_TRANSVERSAL_04,BOMBEIRO|BOMBEIRO,43.1|20.9,1|2,1,1,
-1,multiplas_emergencias,PREEMPCAO,110,2728.5,2745.1,16.6,167,CRUZ_02,2,VE_ROTA_VE_CORREDOR_04|VE_ROTA_VE_TRANSVERSAL_04,BOMBEIRO|BOMBEIRO,51.1|15.0,1|2,1,1,
-1,multiplas_emergencias,PREEMPCAO,110,3322.0,3322.6,0.6,7,CRUZ_02,2,VE_ROTA_VE_CORREDOR_05|VE_ROTA_VE_TRANSVERSAL_05,POLICIA|POLICIA,23.0|26.4,1|2,1,1,
-1,multiplas_emergencias,PREEMPCAO,110,3323.3,3352.4,29.1,292,CRUZ_02,2,VE_ROTA_VE_CORREDOR_05|VE_ROTA_VE_TRANSVERSAL_05,POLICIA|POLICIA,22.4|25.2,1|2,1,1,
