id_execucao,cenario,modo,seed,acesso,fila_maxima
-1,multiplas_emergencias,PREEMPCAO,101,A1_L0,14
-1,multiplas_emergencias,PREEMPCAO,101,A1_L1,24
-1,multiplas_emergencias,PREEMPCAO,101,A1_L2,24
-1,multiplas_emergencias,PREEMPCAO,101,A1_L3,24
-1,multiplas_emergencias,PREEMPCAO,101,A1_O1,16
-1,multiplas_emergencias,PREEMPCAO,101,A1_O2,16
-1,multiplas_emergencias,PREEMPCAO,101,A1_O3,16
-1,multiplas_emergencias,PREEMPCAO,101,A1_O4,12
-1,multiplas_emergencias,PREEMPCAO,101,A2_L0,13
-1,multiplas_emergencias,PREEMPCAO,101,A2_L1,20
-1,multiplas_emergencias,PREEMPCAO,101,A2_L2,20
-1,multiplas_emergencias,PREEMPCAO,101,A2_L3,25
-1,multiplas_emergencias,PREEMPCAO,101,A2_O1,15
-1,multiplas_emergencias,PREEMPCAO,101,A2_O2,17
-1,multiplas_emergencias,PREEMPCAO,101,A2_O3,20
-1,multiplas_emergencias,PREEMPCAO,101,A2_O4,16
-1,multiplas_emergencias,PREEMPCAO,101,T1_N1,9
-1,multiplas_emergencias,PREEMPCAO,101,T1_N2,11
-1,multiplas_emergencias,PREEMPCAO,101,T1_S0,9
-1,multiplas_emergencias,PREEMPCAO,101,T1_S1,12
-1,multiplas_emergencias,PREEMPCAO,101,T2_N1,10
-1,multiplas_emergencias,PREEMPCAO,101,T2_N2,10
-1,multiplas_emergencias,PREEMPCAO,101,T2_S0,11
-1,multiplas_emergencias,PREEMPCAO,101,T2_S1,7
-1,multiplas_emergencias,PREEMPCAO,101,T3_N1,9
-1,multiplas_emergencias,PREEMPCAO,101,T3_N2,11
-1,multiplas_emergencias,PREEMPCAO,101,T3_S0,7
-1,multiplas_emergencias,PREEMPCAO,101,T3_S1,11
-1,multiplas_emergencias,PREEMPCAO,101,T4_N1,12
-1,multiplas_emergencias,PREEMPCAO,101,T4_N2,8
-1,multiplas_emergencias,PREEMPCAO,101,T4_S0,8
-1,multiplas_emergencias,PREEMPCAO,101,T4_S1,7
-1,multiplas_emergencias,PREEMPCAO,102,A1_L0,15
-1,multiplas_emergencias,PREEMPCAO,102,A1_L1,17
-1,multiplas_emergencias,PREEMPCAO,102,A1_L2,17
-1,multiplas_emergencias,PREEMPCAO,102,A1_L3,17
-1,multiplas_emergencias,PREEMPCAO,102,A1_O1,16
-1,multiplas_emergencias,PREEMPCAO,102,A1_O2,18
-1,multiplas_emergencias,PREEMPCAO,102,A1_O3,18
-1,multiplas_emergencias,PREEMPCAO,102,A1_O4,14
-1,multiplas_emergencias,PREEMPCAO,102,A2_L0,13
-1,multiplas_emergencias,PREEMPCAO,102,A2_L1,23
-1,multiplas_emergencias,PREEMPCAO,102,A2_L2,23
-1,multiplas_emergencias,PREEMPCAO,102,A2_L3,26
-1,multiplas_emergencias,PREEMPCAO,102,A2_O1,17
-1,multiplas_emergencias,PREEMPCAO,102,A2_O2,17
-1,multiplas_emergencias,PREEMPCAO,102,A2_O3,22
-1,multiplas_emergencias,PREEMPCAO,102,A2_O4,17
-1,multiplas_emergencias,PREEMPCAO,102,T1_N1,7
-1,multiplas_emergencias,PREEMPCAO,102,T1_N2,9
-1,multiplas_emergencias,PREEMPCAO,102,T1_S0,11
-1,multiplas_emergencias,PREEMPCAO,102,T1_S1,12
-1,multiplas_emergencias,PREEMPCAO,102,T2_N1,10
-1,multiplas_emergencias,PREEMPCAO,102,T2_N2,8
-1,multiplas_emergencias,PREEMPCAO,102,T2_S0,10
-1,multiplas_emergencias,PREEMPCAO,102,T2_S1,9
-1,multiplas_emergencias,PREEMPCAO,102,T3_N1,10
-1,multiplas_emergencias,PREEMPCAO,102,T3_N2,10
-1,multiplas_emergencias,PREEMPCAO,102,T3_S0,7
-1,multiplas_emergencias,PREEMPCAO,102,T3_S1,9
-1,multiplas_emergencias,PREEMPCAO,102,T4_N1,9
-1,multiplas_emergencias,PREEMPCAO,102,T4_N2,7
-1,multiplas_emergencias,PREEMPCAO,102,T4_S0,10
-1,multiplas_emergencias,PREEMPCAO,102,T4_S1,8
-1,multiplas_emergencias,PREEMPCAO,103,A1_L0,14
-1,multiplas_emergencias,PREEMPCAO,103,A1_L1,20
-1,multiplas_emergencias,PREEMPCAO,103,A1_L2,20
-1,multiplas_emergencias,PREEMPCAO,103,A1_L3,20
-1,multiplas_emergencias,PREEMPCAO,103,A1_O1,19
-1,multiplas_emergencias,PREEMPCAO,103,A1_O2,19
-1,multiplas_emergencias,PREEMPCAO,103,A1_O3,19
-1,multiplas_emergencias,PREEMPCAO,103,A1_O4,15
-1,multiplas_emergencias,PREEMPCAO,103,A2_L0,13
-1,multiplas_emergencias,PREEMPCAO,103,A2_L1,24
-1,multiplas_emergencias,PREEMPCAO,103,A2_L2,14
-1,multiplas_emergencias,PREEMPCAO,103,A2_L3,27
-1,multiplas_emergencias,PREEMPCAO,103,A2_O1,16
-1,multiplas_emergencias,PREEMPCAO,103,A2_O2,16
-1,multiplas_emergencias,PREEMPCAO,103,A2_O3,21
-1,multiplas_emergencias,PREEMPCAO,103,A2_O4,16
-1,multiplas_emergencias,PREEMPCAO,103,T1_N1,8
-1,multiplas_emergencias,PREEMPCAO,103,T1_N2,11
-1,multiplas_emergencias,PREEMPCAO,103,T1_S0,10
-1,multiplas_emergencias,PREEMPCAO,103,T1_S1,10
-1,multiplas_emergencias,PREEMPCAO,103,T2_N1,12
-1,multiplas_emergencias,PREEMPCAO,103,T2_N2,8
-1,multiplas_emergencias,PREEMPCAO,103,T2_S0,8
-1,multiplas_emergencias,PREEMPCAO,103,T2_S1,11
-1,multiplas_emergencias,PREEMPCAO,103,T3_N1,7
-1,multiplas_emergencias,PREEMPCAO,103,T3_N2,11
-1,multiplas_emergencias,PREEMPCAO,103,T3_S0,9
-1,multiplas_emergencias,PREEMPCAO,103,T3_S1,10
-1,multiplas_emergencias,PREEMPCAO,103,T4_N1,9
-1,multiplas_emergencias,PREEMPCAO,103,T4_N2,8
-1,multiplas_emergencias,PREEMPCAO,103,T4_S0,7
-1,multiplas_emergencias,PREEMPCAO,103,T4_S1,8
-1,multiplas_emergencias,PREEMPCAO,104,A1_L0,12
-1,multiplas_emergencias,PREEMPCAO,104,A1_L1,18
-1,multiplas_emergencias,PREEMPCAO,104,A1_L2,18
-1,multiplas_emergencias,PREEMPCAO,104,A1_L3,18
-1,multiplas_emergencias,PREEMPCAO,104,A1_O1,18
-1,multiplas_emergencias,PREEMPCAO,104,A1_O2,23
-1,multiplas_emergencias,PREEMPCAO,104,A1_O3,18
-1,multiplas_emergencias,PREEMPCAO,104,A1_O4,13
-1,multiplas_emergencias,PREEMPCAO,104,A2_L0,12
-1,multiplas_emergencias,PREEMPCAO,104,A2_L1,18
-1,multiplas_emergencias,PREEMPCAO,104,A2_L2,18
-1,multiplas_emergencias,PREEMPCAO,104,A2_L3,18
-1,multiplas_emergencias,PREEMPCAO,104,A2_O1,18
-1,multiplas_emergencias,PREEMPCAO,104,A2_O2,17
-1,multiplas_emergencias,PREEMPCAO,104,A2_O3,20
-1,multiplas_emergencias,PREEMPCAO,104,A2_O4,15
-1,multiplas_emergencias,PREEMPCAO,104,T1_N1,9
-1,multiplas_emergencias,PREEMPCAO,104,T1_N2,8
-1,multiplas_emergencias,PREEMPCAO,104,T1_S0,8
-1,multiplas_emergencias,PREEMPCAO,104,T1_S1,12
-1,multiplas_emergencias,PREEMPCAO,104,T2_N1,11
-1,multiplas_emergencias,PREEMPCAO,104,T2_N2,8
-1,multiplas_emergencias,PREEMPCAO,104,T2_S0,8
-1,multiplas_emergencias,PREEMPCAO,104,T2_S1,7
-1,multiplas_emergencias,PREEMPCAO,104,T3_N1,9
-1,multiplas_emergencias,PREEMPCAO,104,T3_N2,7
-1,multiplas_emergencias,PREEMPCAO,104,T3_S0,7
-1,multiplas_emergencias,PREEMPCAO,104,T3_S1,8
-1,multiplas_emergencias,PREEMPCAO,104,T4_N1,8
-1,multiplas_emergencias,PREEMPCAO,104,T4_N2,9
-1,multiplas_emergencias,PREEMPCAO,104,T4_S0,8
-1,multiplas_emergencias,PREEMPCAO,104,T4_S1,11
-1,multiplas_emergencias,PREEMPCAO,105,A1_L0,13
-1,multiplas_emergencias,PREEMPCAO,105,A1_L1,21
-1,multiplas_emergencias,PREEMPCAO,105,A1_L2,16
-1,multiplas_emergencias,PREEMPCAO,105,A1_L3,12
-1,multiplas_emergencias,PREEMPCAO,105,A1_O1,19
-1,multiplas_emergencias,PREEMPCAO,105,A1_O2,18
-1,multiplas_emergencias,PREEMPCAO,105,A1_O3,18
-1,multiplas_emergencias,PREEMPCAO,105,A1_O4,12
-1,multiplas_emergencias,PREEMPCAO,105,A2_L0,12
-1,multiplas_emergencias,PREEMPCAO,105,A2_L1,17
-1,multiplas_emergencias,PREEMPCAO,105,A2_L2,17
-1,multiplas_emergencias,PREEMPCAO,105,A2_L3,23
-1,multiplas_emergencias,PREEMPCAO,105,A2_O1,24
-1,multiplas_emergencias,PREEMPCAO,105,A2_O2,20
-1,multiplas_emergencias,PREEMPCAO,105,A2_O3,20
-1,multiplas_emergencias,PREEMPCAO,105,A2_O4,15
-1,multiplas_emergencias,PREEMPCAO,105,T1_N1,10
-1,multiplas_emergencias,PREEMPCAO,105,T1_N2,9
-1,multiplas_emergencias,PREEMPCAO,105,T1_S0,7
-1,multiplas_emergencias,PREEMPCAO,105,T1_S1,8
-1,multiplas_emergencias,PREEMPCAO,105,T2_N1,13
-1,multiplas_emergencias,PREEMPCAO,105,T2_N2,7
-1,multiplas_emergencias,PREEMPCAO,105,T2_S0,10
-1,multiplas_emergencias,PREEMPCAO,105,T2_S1,9
-1,multiplas_emergencias,PREEMPCAO,105,T3_N1,10
-1,multiplas_emergencias,PREEMPCAO,105,T3_N2,8
-1,multiplas_emergencias,PREEMPCAO,105,T3_S0,7
-1,multiplas_emergencias,PREEMPCAO,105,T3_S1,12
-1,multiplas_emergencias,PREEMPCAO,105,T4_N1,8
-1,multiplas_emergencias,PREEMPCAO,105,T4_N2,10
-1,multiplas_emergencias,PREEMPCAO,105,T4_S0,9
-1,multiplas_emergencias,PREEMPCAO,105,T4_S1,9
-1,multiplas_emergencias,PREEMPCAO,106,A1_L0,14
-1,multiplas_emergencias,PREEMPCAO,106,A1_L1,20
-1,multiplas_emergencias,PREEMPCAO,106,A1_L2,20
-1,multiplas_emergencias,PREEMPCAO,106,A1_L3,20
-1,multiplas_emergencias,PREEMPCAO,106,A1_O1,12
-1,multiplas_emergencias,PREEMPCAO,106,A1_O2,22
-1,multiplas_emergencias,PREEMPCAO,106,A1_O3,22
-1,multiplas_emergencias,PREEMPCAO,106,A1_O4,14
-1,multiplas_emergencias,PREEMPCAO,106,A2_L0,15
-1,multiplas_emergencias,PREEMPCAO,106,A2_L1,24
-1,multiplas_emergencias,PREEMPCAO,106,A2_L2,24
-1,multiplas_emergencias,PREEMPCAO,106,A2_L3,26
-1,multiplas_emergencias,PREEMPCAO,106,A2_O1,19
-1,multiplas_emergencias,PREEMPCAO,106,A2_O2,19
-1,multiplas_emergencias,PREEMPCAO,106,A2_O3,20
-1,multiplas_emergencias,PREEMPCAO,106,A2_O4,12
-1,multiplas_emergencias,PREEMPCAO,106,T1_N1,8
-1,multiplas_emergencias,PREEMPCAO,106,T1_N2,7
-1,multiplas_emergencias,PREEMPCAO,106,T1_S0,6
-1,multiplas_emergencias,PREEMPCAO,106,T1_S1,11
-1,multiplas_emergencias,PREEMPCAO,106,T2_N1,8
-1,multiplas_emergencias,PREEMPCAO,106,T2_N2,13
-1,multiplas_emergencias,PREEMPCAO,106,T2_S0,13
-1,multiplas_emergencias,PREEMPCAO,106,T2_S1,8
-1,multiplas_emergencias,PREEMPCAO,106,T3_N1,11
-1,multiplas_emergencias,PREEMPCAO,106,T3_N2,10
-1,multiplas_emergencias,PREEMPCAO,106,T3_S0,8
-1,multiplas_emergencias,PREEMPCAO,106,T3_S1,10
-1,multiplas_emergencias,PREEMPCAO,106,T4_N1,13
-1,multiplas_emergencias,PREEMPCAO,106,T4_N2,9
-1,multiplas_emergencias,PREEMPCAO,106,T4_S0,9
-1,multiplas_emergencias,PREEMPCAO,106,T4_S1,9
-1,multiplas_emergencias,PREEMPCAO,107,A1_L0,15
-1,multiplas_emergencias,PREEMPCAO,107,A1_L1,18
-1,multiplas_emergencias,PREEMPCAO,107,A1_L2,18
-1,multiplas_emergencias,PREEMPCAO,107,A1_L3,18
-1,multiplas_emergencias,PREEMPCAO,107,A1_O1,13
-1,multiplas_emergencias,PREEMPCAO,107,A1_O2,19
-1,multiplas_emergencias,PREEMPCAO,107,A1_O3,20
-1,multiplas_emergencias,PREEMPCAO,107,A1_O4,12
-1,multiplas_emergencias,PREEMPCAO,107,A2_L0,12
-1,multiplas_emergencias,PREEMPCAO,107,A2_L1,19
-1,multiplas_emergencias,PREEMPCAO,107,A2_L2,19
-1,multiplas_emergencias,PREEMPCAO,107,A2_L3,24
-1,multiplas_emergencias,PREEMPCAO,107,A2_O1,17
-1,multiplas_emergencias,PREEMPCAO,107,A2_O2,18
-1,multiplas_emergencias,PREEMPCAO,107,A2_O3,20
-1,multiplas_emergencias,PREEMPCAO,107,A2_O4,13
-1,multiplas_emergencias,PREEMPCAO,107,T1_N1,10
-1,multiplas_emergencias,PREEMPCAO,107,T1_N2,11
-1,multiplas_emergencias,PREEMPCAO,107,T1_S0,10
-1,multiplas_emergencias,PREEMPCAO,107,T1_S1,11
-1,multiplas_emergencias,PREEMPCAO,107,T2_N1,10
-1,multiplas_emergencias,PREEMPCAO,107,T2_N2,7
-1,multiplas_emergencias,PREEMPCAO,107,T2_S0,8
-1,multiplas_emergencias,PREEMPCAO,107,T2_S1,9
-1,multiplas_emergencias,PREEMPCAO,107,T3_N1,11
-1,multiplas_emergencias,PREEMPCAO,107,T3_N2,9
-1,multiplas_emergencias,PREEMPCAO,107,T3_S0,8
-1,multiplas_emergencias,PREEMPCAO,107,T3_S1,11
-1,multiplas_emergencias,PREEMPCAO,107,T4_N1,8
-1,multiplas_emergencias,PREEMPCAO,107,T4_N2,8
-1,multiplas_emergencias,PREEMPCAO,107,T4_S0,10
-1,multiplas_emergencias,PREEMPCAO,107,T4_S1,12
-1,multiplas_emergencias,PREEMPCAO,108,A1_L0,12
-1,multiplas_emergencias,PREEMPCAO,108,A1_L1,15
-1,multiplas_emergencias,PREEMPCAO,108,A1_L2,15
-1,multiplas_emergencias,PREEMPCAO,108,A1_L3,15
-1,multiplas_emergencias,PREEMPCAO,108,A1_O1,13
-1,multiplas_emergencias,PREEMPCAO,108,A1_O2,17
-1,multiplas_emergencias,PREEMPCAO,108,A1_O3,17
-1,multiplas_emergencias,PREEMPCAO,108,A1_O4,12
-1,multiplas_emergencias,PREEMPCAO,108,A2_L0,15
-1,multiplas_emergencias,PREEMPCAO,108,A2_L1,17
-1,multiplas_emergencias,PREEMPCAO,108,A2_L2,17
-1,multiplas_emergencias,PREEMPCAO,108,A2_L3,22
-1,multiplas_emergencias,PREEMPCAO,108,A2_O1,20
-1,multiplas_emergencias,PREEMPCAO,108,A2_O2,20
-1,multiplas_emergencias,PREEMPCAO,108,A2_O3,18
-1,multiplas_emergencias,PREEMPCAO,108,A2_O4,13
-1,multiplas_emergencias,PREEMPCAO,108,T1_N1,11
-1,multiplas_emergencias,PREEMPCAO,108,T1_N2,8
-1,multiplas_emergencias,PREEMPCAO,108,T1_S0,8
-1,multiplas_emergencias,PREEMPCAO,108,T1_S1,12
-1,multiplas_emergencias,PREEMPCAO,108,T2_N1,12
-1,multiplas_emergencias,PREEMPCAO,108,T2_N2,11
-1,multiplas_emergencias,PREEMPCAO,108,T2_S0,8
-1,multiplas_emergencias,PREEMPCAO,108,T2_S1,9
-1,multiplas_emergencias,PREEMPCAO,108,T3_N1,7
-1,multiplas_emergencias,PREEMPCAO,108,T3_N2,8
-1,multiplas_emergencias,PREEMPCAO,108,T3_S0,8
-1,multiplas_emergencias,PREEMPCAO,108,T3_S1,9
-1,multiplas_emergencias,PREEMPCAO,108,T4_N1,10
-1,multiplas_emergencias,PREEMPCAO,108,T4_N2,10
-1,multiplas_emergencias,PREEMPCAO,108,T4_S0,10
-1,multiplas_emergencias,PREEMPCAO,108,T4_S1,11
-1,multiplas_emergencias,PREEMPCAO,109,A1_L0,14
-1,multiplas_emergencias,PREEMPCAO,109,A1_L1,19
-1,multiplas_emergencias,PREEMPCAO,109,A1_L2,14
-1,multiplas_emergencias,PREEMPCAO,109,A1_L3,14
-1,multiplas_emergencias,PREEMPCAO,109,A1_O1,22
-1,multiplas_emergencias,PREEMPCAO,109,A1_O2,18
-1,multiplas_emergencias,PREEMPCAO,109,A1_O3,18
-1,multiplas_emergencias,PREEMPCAO,109,A1_O4,15
-1,multiplas_emergencias,PREEMPCAO,109,A2_L0,15
-1,multiplas_emergencias,PREEMPCAO,109,A2_L1,20
-1,multiplas_emergencias,PREEMPCAO,109,A2_L2,20
-1,multiplas_emergencias,PREEMPCAO,109,A2_L3,28
-1,multiplas_emergencias,PREEMPCAO,109,A2_O1,19
-1,multiplas_emergencias,PREEMPCAO,109,A2_O2,19
-1,multiplas_emergencias,PREEMPCAO,109,A2_O3,22
-1,multiplas_emergencias,PREEMPCAO,109,A2_O4,16
-1,multiplas_emergencias,PREEMPCAO,109,T1_N1,10
-1,multiplas_emergencias,PREEMPCAO,109,T1_N2,9
-1,multiplas_emergencias,PREEMPCAO,109,T1_S0,9
-1,multiplas_emergencias,PREEMPCAO,109,T1_S1,10
-1,multiplas_emergencias,PREEMPCAO,109,T2_N1,8
-1,multiplas_emergencias,PREEMPCAO,109,T2_N2,11
-1,multiplas_emergencias,PREEMPCAO,109,T2_S0,8
-1,multiplas_emergencias,PREEMPCAO,109,T2_S1,10
-1,multiplas_emergencias,PREEMPCAO,109,T3_N1,9
-1,multiplas_emergencias,PREEMPCAO,109,T3_N2,7
-1,multiplas_emergencias,PREEMPCAO,109,T3_S0,11
-1,multiplas_emergencias,PREEMPCAO,109,T3_S1,12
-1,multiplas_emergencias,PREEMPCAO,109,T4_N1,10
-1,multiplas_emergencias,PREEMPCAO,109,T4_N2,8
-1,multiplas_emergencias,PREEMPCAO,109,T4_S0,7
-1,multiplas_emergencias,PREEMPCAO,109,T4_S1,9
-1,multiplas_emergencias,PREEMPCAO,110,A1_L0,13
-1,multiplas_emergencias,PREEMPCAO,110,A1_L1,16
-1,multiplas_emergencias,PREEMPCAO,110,A1_L2,15
-1,multiplas_emergencias,PREEMPCAO,110,A1_L3,22
-1,multiplas_emergencias,PREEMPCAO,110,A1_O1,11
-1,multiplas_emergencias,PREEMPCAO,110,A1_O2,17
-1,multiplas_emergencias,PREEMPCAO,110,A1_O3,18
-1,multiplas_emergencias,PREEMPCAO,110,A1_O4,13
-1,multiplas_emergencias,PREEMPCAO,110,A2_L0,13
-1,multiplas_emergencias,PREEMPCAO,110,A2_L1,22
-1,multiplas_emergencias,PREEMPCAO,110,A2_L2,22
-1,multiplas_emergencias,PREEMPCAO,110,A2_L3,20
-1,multiplas_emergencias,PREEMPCAO,110,A2_O1,25
-1,multiplas_emergencias,PREEMPCAO,110,A2_O2,25
-1,multiplas_emergencias,PREEMPCAO,110,A2_O3,25
-1,multiplas_emergencias,PREEMPCAO,110,A2_O4,17
-1,multiplas_emergencias,PREEMPCAO,110,T1_N1,9
-1,multiplas_emergencias,PREEMPCAO,110,T1_N2,10
-1,multiplas_emergencias,PREEMPCAO,110,T1_S0,9
-1,multiplas_emergencias,PREEMPCAO,110,T1_S1,10
-1,multiplas_emergencias,PREEMPCAO,110,T2_N1,8
-1,multiplas_emergencias,PREEMPCAO,110,T2_N2,7
-1,multiplas_emergencias,PREEMPCAO,110,T2_S0,10
-1,multiplas_emergencias,PREEMPCAO,110,T2_S1,10
-1,multiplas_emergencias,PREEMPCAO,110,T3_N1,9
-1,multiplas_emergencias,PREEMPCAO,110,T3_N2,9
-1,multiplas_emergencias,PREEMPCAO,110,T3_S0,9
-1,multiplas_emergencias,PREEMPCAO,110,T3_S1,11
-1,multiplas_emergencias,PREEMPCAO,110,T4_N1,7
-1,multiplas_emergencias,PREEMPCAO,110,T4_N2,9
-1,multiplas_emergencias,PREEMPCAO,110,T4_S0,8
-1,multiplas_emergencias,PREEMPCAO,110,T4_S1,12
