id_execucao,cenario,modo,seed,id_veiculo,tipo,tempo_viagem_s,tempo_espera_s,paradas,velocidade_media_ms,atraso_s
-1,multiplas_emergencias,PREEMPCAO,101,VE_ROTA_VE_TRANSVERSAL_00,ambulancia,145.10,0.00,0,10.30,41.61
-1,multiplas_emergencias,PREEMPCAO,101,VE_ROTA_VE_CORREDOR_00,ambulancia,359.50,5.50,1,12.45,140.49
-1,multiplas_emergencias,PREEMPCAO,101,VE_ROTA_VE_TRANSVERSAL_01,bombeiro,134.00,0.00,0,11.14,30.62
-1,multiplas_emergencias,PREEMPCAO,101,VE_ROTA_VE_CORREDOR_01,bombeiro,333.00,0.00,0,13.44,114.13
-1,multiplas_emergencias,PREEMPCAO,101,VE_ROTA_VE_TRANSVERSAL_02,policia,169.00,3.90,1,8.85,65.50
-1,multiplas_emergencias,PREEMPCAO,101,VE_ROTA_VE_CORREDOR_02,policia,286.90,0.00,0,15.61,67.92
-1,multiplas_emergencias,PREEMPCAO,101,VE_ROTA_VE_TRANSVERSAL_03,ambulancia,165.10,0.00,0,9.05,61.55
-1,multiplas_emergencias,PREEMPCAO,101,VE_ROTA_VE_CORREDOR_03,ambulancia,300.00,0.00,0,14.92,80.98
-1,multiplas_emergencias,PREEMPCAO,101,VE_ROTA_VE_TRANSVERSAL_04,bombeiro,160.50,0.00,0,9.30,57.10
-1,multiplas_emergencias,PREEMPCAO,101,VE_ROTA_VE_CORREDOR_04,bombeiro,316.80,0.00,0,14.13,97.92
-1,multiplas_emergencias,PREEMPCAO,101,VE_ROTA_VE_TRANSVERSAL_05,policia,139.60,0.00,0,10.71,36.10
-1,multiplas_emergencias,PREEMPCAO,101,VE_ROTA_VE_CORREDOR_05,policia,264.50,0.00,0,16.93,45.44
-1,multiplas_emergencias,PREEMPCAO,102,VE_ROTA_VE_TRANSVERSAL_00,ambulancia,117.80,0.00,0,12.69,14.33
-1,multiplas_emergencias,PREEMPCAO,102,VE_ROTA_VE_CORREDOR_00,ambulancia,313.70,2.10,1,14.27,94.70
-1,multiplas_emergencias,PREEMPCAO,102,VE_ROTA_VE_TRANSVERSAL_01,bombeiro,143.60,0.00,0,10.39,40.24
-1,multiplas_emergencias,PREEMPCAO,102,VE_ROTA_VE_CORREDOR_01,bombeiro,345.70,0.00,0,12.95,126.84
-1,multiplas_emergencias,PREEMPCAO,102,VE_ROTA_VE_TRANSVERSAL_02,policia,116.30,0.00,0,12.85,12.71
-1,multiplas_emergencias,PREEMPCAO,102,VE_ROTA_VE_CORREDOR_02,policia,294.50,0.00,0,15.20,75.49
-1,multiplas_emergencias,PREEMPCAO,102,VE_ROTA_VE_TRANSVERSAL_03,ambulancia,199.50,0.00,0,7.49,96.01
-1,multiplas_emergencias,PREEMPCAO,102,VE_ROTA_VE_CORREDOR_03,ambulancia,326.10,0.00,0,13.73,107.10
-1,multiplas_emergencias,PREEMPCAO,102,VE_ROTA_VE_TRANSVERSAL_04,bombeiro,107.10,0.00,0,13.93,3.72
-1,multiplas_emergencias,PREEMPCAO,102,VE_ROTA_VE_CORREDOR_04,bombeiro,330.90,0.00,0,13.52,112.01
-1,multiplas_emergencias,PREEMPCAO,102,VE_ROTA_VE_TRANSVERSAL_05,policia,155.90,0.00,0,9.59,52.33
-1,multiplas_emergencias,PREEMPCAO,103,VE_ROTA_VE_TRANSVERSAL_00,ambulancia,185.40,0.00,0,8.06,81.94
-1,multiplas_emergencias,PREEMPCAO,103,VE_ROTA_VE_CORREDOR_00,ambulancia,315.70,2.30,1,14.18,96.73
-1,multiplas_emergencias,PREEMPCAO,103,VE_ROTA_VE_TRANSVERSAL_01,bombeiro,158.80,0.00,0,9.40,55.47
-1,multiplas_emergencias,PREEMPCAO,103,VE_ROTA_VE_CORREDOR_01,bombeiro,273.70,0.00,0,16.35,54.80
-1,multiplas_emergencias,PREEMPCAO,103,VE_ROTA_VE_TRANSVERSAL_02,policia,151.50,0.00,0,9.87,47.99
-1,multiplas_emergencias,PREEMPCAO,103,VE_ROTA_VE_CORREDOR_02,policia,292.80,0.00,0,15.29,73.76
-1,multiplas_emergencias,PREEMPCAO,103,VE_ROTA_VE_TRANSVERSAL_03,ambulancia,185.50,8.30,1,8.06,82.01
-1,multiplas_emergencias,PREEMPCAO,103,VE_ROTA_VE_CORREDOR_03,ambulancia,307.60,0.00,0,14.56,88.56
-1,multiplas_emergencias,PREEMPCAO,103,VE_ROTA_VE_TRANSVERSAL_04,bombeiro,143.50,0.00,0,10.40,40.15
-1,multiplas_emergencias,PREEMPCAO,103,VE_ROTA_VE_CORREDOR_04,bombeiro,274.80,0.00,0,16.29,55.89
-1,multiplas_emergencias,PREEMPCAO,103,VE_ROTA_VE_TRANSVERSAL_05,policia,146.30,0.00,0,10.22,42.76
-1,multiplas_emergencias,PREEMPCAO,104,VE_ROTA_VE_TRANSVERSAL_00,ambulancia,157.10,1.50,1,9.51,53.57
-1,multiplas_emergencias,PREEMPCAO,104,VE_ROTA_VE_CORREDOR_00,ambulancia,359.80,0.00,0,12.44,140.85
-1,multiplas_emergencias,PREEMPCAO,104,VE_ROTA_VE_TRANSVERSAL_01,bombeiro,154.50,0.00,0,9.66,51.13
-1,multiplas_emergencias,PREEMPCAO,104,VE_ROTA_VE_CORREDOR_01,bombeiro,325.80,0.00,0,13.74,106.95
-1,multiplas_emergencias,PREEMPCAO,104,VE_ROTA_VE_TRANSVERSAL_02,policia,162.90,2.30,1,9.18,59.34
-1,multiplas_emergencias,PREEMPCAO,104,VE_ROTA_VE_CORREDOR_02,policia,323.20,0.00,0,13.85,104.16
-1,multiplas_emergencias,PREEMPCAO,104,VE_ROTA_VE_TRANSVERSAL_03,ambulancia,143.40,0.00,0,10.42,39.85
-1,multiplas_emergencias,PREEMPCAO,104,VE_ROTA_VE_CORREDOR_03,ambulancia,370.00,0.00,0,12.10,151.03
-1,multiplas_emergencias,PREEMPCAO,104,VE_ROTA_VE_TRANSVERSAL_04,bombeiro,168.70,3.80,1,8.85,65.32
-1,multiplas_emergencias,PREEMPCAO,104,VE_ROTA_VE_CORREDOR_04,bombeiro,292.90,4.00,1,15.28,73.99
-1,multiplas_emergencias,PREEMPCAO,104,VE_ROTA_VE_TRANSVERSAL_05,policia,117.40,0.00,0,12.73,13.90
-1,multiplas_emergencias,PREEMPCAO,105,VE_ROTA_VE_TRANSVERSAL_00,ambulancia,145.00,0.00,0,10.31,41.52
-1,multiplas_emergencias,PREEMPCAO,105,VE_ROTA_VE_CORREDOR_00,ambulancia,335.20,2.00,1,13.36,116.22
-1,multiplas_emergencias,PREEMPCAO,105,VE_ROTA_VE_TRANSVERSAL_01,bombeiro,135.60,0.00,0,11.01,32.21
-1,multiplas_emergencias,PREEMPCAO,105,VE_ROTA_VE_CORREDOR_01,bombeiro,356.80,0.00,0,12.54,137.90
-1,multiplas_emergencias,PREEMPCAO,105,VE_ROTA_VE_TRANSVERSAL_02,policia,162.20,8.00,1,9.22,58.68
-1,multiplas_emergencias,PREEMPCAO,105,VE_ROTA_VE_CORREDOR_02,policia,315.20,0.00,0,14.21,96.17
-1,multiplas_emergencias,PREEMPCAO,105,VE_ROTA_VE_TRANSVERSAL_03,ambulancia,159.40,4.20,1,9.38,55.91
-1,multiplas_emergencias,PREEMPCAO,105,VE_ROTA_VE_CORREDOR_03,ambulancia,310.80,0.00,0,14.41,91.85
-1,multiplas_emergencias,PREEMPCAO,105,VE_ROTA_VE_TRANSVERSAL_04,bombeiro,126.70,0.00,0,11.78,23.36
-1,multiplas_emergencias,PREEMPCAO,105,VE_ROTA_VE_CORREDOR_04,bombeiro,325.90,0.00,0,13.73,106.98
-1,multiplas_emergencias,PREEMPCAO,105,VE_ROTA_VE_TRANSVERSAL_05,policia,150.00,0.00,0,9.97,46.43
-1,multiplas_emergencias,PREEMPCAO,106,VE_ROTA_VE_TRANSVERSAL_00,ambulancia,187.00,3.10,1,7.99,83.54
-1,multiplas_emergencias,PREEMPCAO,106,VE_ROTA_VE_CORREDOR_00,ambulancia,312.80,0.90,1,14.31,93.85
-1,multiplas_emergencias,PREEMPCAO,106,VE_ROTA_VE_TRANSVERSAL_01,bombeiro,137.90,0.00,0,10.82,34.57
-1,multiplas_emergencias,PREEMPCAO,106,VE_ROTA_VE_CORREDOR_01,bombeiro,318.50,0.00,0,14.05,99.55
-1,multiplas_emergencias,PREEMPCAO,106,VE_ROTA_VE_TRANSVERSAL_02,policia,113.20,0.00,0,13.21,9.61
-1,multiplas_emergencias,PREEMPCAO,106,VE_ROTA_VE_CORREDOR_02,policia,273.70,0.00,0,16.36,54.58
-1,multiplas_emergencias,PREEMPCAO,106,VE_ROTA_VE_TRANSVERSAL_03,ambulancia,158.40,0.00,0,9.43,54.91
-1,multiplas_emergencias,PREEMPCAO,106,VE_ROTA_VE_CORREDOR_03,ambulancia,286.30,0.00,0,15.64,67.34
-1,multiplas_emergencias,PREEMPCAO,106,VE_ROTA_VE_TRANSVERSAL_04,bombeiro,166.00,0.00,0,8.99,62.59
-1,multiplas_emergencias,PREEMPCAO,106,VE_ROTA_VE_CORREDOR_04,bombeiro,279.50,0.00,0,16.01,60.55
-1,multiplas_emergencias,PREEMPCAO,106,VE_ROTA_VE_TRANSVERSAL_05,policia,200.70,12.80,1,7.45,97.19
-1,multiplas_emergencias,PREEMPCAO,107,VE_ROTA_VE_TRANSVERSAL_00,ambulancia,142.10,0.00,0,10.52,38.57
-1,multiplas_emergencias,PREEMPCAO,107,VE_ROTA_VE_CORREDOR_00,ambulancia,319.30,0.00,0,14.02,100.24
-1,multiplas_emergencias,PREEMPCAO,107,VE_ROTA_VE_TRANSVERSAL_01,bombeiro,131.00,0.00,0,11.39,27.58
-1,multiplas_emergencias,PREEMPCAO,107,VE_ROTA_VE_CORREDOR_01,bombeiro,280.30,0.00,0,15.97,61.42
-1,multiplas_emergencias,PREEMPCAO,107,VE_ROTA_VE_TRANSVERSAL_02,policia,124.20,0.00,0,12.04,20.65
-1,multiplas_emergencias,PREEMPCAO,107,VE_ROTA_VE_CORREDOR_02,policia,292.30,0.00,0,15.32,73.27
-1,multiplas_emergencias,PREEMPCAO,107,VE_ROTA_VE_TRANSVERSAL_03,ambulancia,149.70,0.00,0,9.98,46.16
-1,multiplas_emergencias,PREEMPCAO,107,VE_ROTA_VE_CORREDOR_03,ambulancia,330.50,0.00,0,13.55,111.51
-1,multiplas_emergencias,PREEMPCAO,107,VE_ROTA_VE_TRANSVERSAL_04,bombeiro,143.10,0.00,0,10.43,39.73
-1,multiplas_emergencias,PREEMPCAO,107,VE_ROTA_VE_CORREDOR_04,bombeiro,285.80,0.00,0,15.66,66.84
-1,multiplas_emergencias,PREEMPCAO,107,VE_ROTA_VE_TRANSVERSAL_05,policia,160.60,0.00,0,9.31,57.08
-1,multiplas_emergencias,PREEMPCAO,108,VE_ROTA_VE_TRANSVERSAL_00,ambulancia,117.90,0.00,0,12.68,14.36
-1,multiplas_emergencias,PREEMPCAO,108,VE_ROTA_VE_CORREDOR_00,ambulancia,313.60,0.00,0,14.28,94.59
-1,multiplas_emergencias,PREEMPCAO,108,VE_ROTA_VE_TRANSVERSAL_01,bombeiro,155.20,6.30,1,9.62,51.85
-1,multiplas_emergencias,PREEMPCAO,108,VE_ROTA_VE_CORREDOR_01,bombeiro,275.90,0.00,0,16.22,57.00
-1,multiplas_emergencias,PREEMPCAO,108,VE_ROTA_VE_TRANSVERSAL_02,policia,141.60,0.00,0,10.56,38.05
-1,multiplas_emergencias,PREEMPCAO,108,VE_ROTA_VE_CORREDOR_02,policia,295.60,0.00,0,15.15,76.58
-1,multiplas_emergencias,PREEMPCAO,108,VE_ROTA_VE_TRANSVERSAL_03,ambulancia,153.90,0.00,0,9.71,50.35
-1,multiplas_emergencias,PREEMPCAO,108,VE_ROTA_VE_CORREDOR_03,ambulancia,349.20,0.00,0,12.82,130.19
-1,multiplas_emergencias,PREEMPCAO,108,VE_ROTA_VE_TRANSVERSAL_04,bombeiro,127.10,0.00,0,11.74,23.72
-1,multiplas_emergencias,PREEMPCAO,108,VE_ROTA_VE_CORREDOR_04,bombeiro,286.50,2.80,1,15.62,67.62
-1,multiplas_emergencias,PREEMPCAO,108,VE_ROTA_VE_TRANSVERSAL_05,policia,157.00,0.00,0,9.52,53.50
-1,multiplas_emergencias,PREEMPCAO,108,VE_ROTA_VE_CORREDOR_05,policia,299.10,0.00,0,14.97,80.08
-1,multiplas_emergencias,PREEMPCAO,109,VE_ROTA_VE_TRANSVERSAL_00,ambulancia,143.40,0.00,0,10.42,39.90
-1,multiplas_emergencias,PREEMPCAO,109,VE_ROTA_VE_CORREDOR_00,ambulancia,324.80,0.00,0,13.78,105.80
-1,multiplas_emergencias,PREEMPCAO,109,VE_ROTA_VE_TRANSVERSAL_01,bombeiro,171.70,0.00,0,8.69,68.37
-1,multiplas_emergencias,PREEMPCAO,109,VE_ROTA_VE_CORREDOR_01,bombeiro,270.40,0.00,0,16.55,51.48
-1,multiplas_emergencias,PREEMPCAO,109,VE_ROTA_VE_TRANSVERSAL_02,policia,119.50,0.00,0,12.51,15.95
-1,multiplas_emergencias,PREEMPCAO,109,VE_ROTA_VE_CORREDOR_02,policia,282.00,0.00,0,15.88,63.00
-1,multiplas_emergencias,PREEMPCAO,109,VE_ROTA_VE_TRANSVERSAL_03,ambulancia,157.50,0.00,0,9.49,54.02
-1,multiplas_emergencias,PREEMPCAO,109,VE_ROTA_VE_CORREDOR_03,ambulancia,323.50,0.00,0,13.84,104.48
-1,multiplas_emergencias,PREEMPCAO,109,VE_ROTA_VE_TRANSVERSAL_04,bombeiro,177.60,3.50,1,8.40,74.18
-1,multiplas_emergencias,PREEMPCAO,109,VE_ROTA_VE_CORREDOR_04,bombeiro,266.70,2.50,1,16.78,47.77
-1,multiplas_emergencias,PREEMPCAO,109,VE_ROTA_VE_TRANSVERSAL_05,policia,148.90,3.10,1,10.04,45.35
-1,multiplas_emergencias,PREEMPCAO,109,VE_ROTA_VE_CORREDOR_05,policia,296.60,14.00,1,15.10,77.66
-1,multiplas_emergencias,PREEMPCAO,110,VE_ROTA_VE_TRANSVERSAL_00,ambulancia,139.90,0.00,0,10.68,36.44
-1,multiplas_emergencias,PREEMPCAO,110,VE_ROTA_VE_CORREDOR_00,ambulancia,345.60,0.00,0,12.96,126.59
-1,multiplas_emergencias,PREEMPCAO,110,VE_ROTA_VE_TRANSVERSAL_01,bombeiro,164.30,0.00,0,9.08,60.93
-1,multiplas_emergencias,PREEMPCAO,110,VE_ROTA_VE_CORREDOR_01,bombeiro,341.60,0.00,0,13.10,122.75
-1,multiplas_emergencias,PREEMPCAO,110,VE_ROTA_VE_TRANSVERSAL_02,policia,156.50,9.90,1,9.55,52.96
-1,multiplas_emergencias,PREEMPCAO,110,VE_ROTA_VE_CORREDOR_02,policia,285.30,0.00,0,15.69,66.30
-1,multiplas_emergencias,PREEMPCAO,110,VE_ROTA_VE_TRANSVERSAL_03,ambulancia,149.60,0.00,0,9.99,46.06
-1,multiplas_emergencias,PREEMPCAO,110,VE_ROTA_VE_CORREDOR_03,ambulancia,297.50,0.00,0,15.05,78.49
-1,multiplas_emergencias,PREEMPCAO,110,VE_ROTA_VE_TRANSVERSAL_04,bombeiro,131.30,0.00,0,11.37,27.96
-1,multiplas_emergencias,PREEMPCAO,110,VE_ROTA_VE_CORREDOR_04,bombeiro,262.40,0.30,1,17.06,43.47
-1,multiplas_emergencias,PREEMPCAO,110,VE_ROTA_VE_TRANSVERSAL_05,policia,145.50,0.00,0,10.27,41.91
-1,multiplas_emergencias,PREEMPCAO,110,VE_ROTA_VE_CORREDOR_05,policia,290.20,0.00,0,15.43,71.21
