divisao,cruzamento,politica,exemplos,escolhe_b,acertos,acerto,custo_medio_s,custo_total_s
treino,todos,rotulo,517,141,517,1.0,0.0,0.0
treino,todos,modelo,517,30,374,0.723404255319149,3.25531914893617,1683.0
treino,todos,e8,517,171,341,0.6595744680851063,5.116634429400388,2645.3
treino,todos,menor_eta,517,357,253,0.48936170212765956,8.483945841392652,4386.200000000001
treino,todos,sempre_a,517,0,376,0.7272727272727273,3.2949709864603483,1703.5
treino,CRUZ_02,rotulo,301,113,301,1.0,0.0,0.0
treino,CRUZ_02,modelo,301,30,186,0.6179401993355482,5.206976744186047,1567.3000000000002
treino,CRUZ_02,e8,301,104,194,0.6445182724252492,5.188372093023256,1561.7
treino,CRUZ_02,menor_eta,301,236,146,0.4850498338870432,8.73156146179402,2628.2
treino,CRUZ_02,sempre_a,301,0,188,0.6245847176079734,5.2750830564784055,1587.8
treino,CRUZ_08,rotulo,216,28,216,1.0,0.0,0.0
treino,CRUZ_08,modelo,216,0,188,0.8703703703703703,0.5356481481481481,115.69999999999999
treino,CRUZ_08,e8,216,67,147,0.6805555555555556,5.016666666666667,1083.6
treino,CRUZ_08,menor_eta,216,121,107,0.49537037037037035,8.13888888888889,1758.0
treino,CRUZ_08,sempre_a,216,0,188,0.8703703703703703,0.5356481481481481,115.69999999999999
validacao,todos,rotulo,135,49,135,1.0,0.0,0.0
validacao,todos,modelo,135,6,90,0.6666666666666666,4.303703703703704,581.0
validacao,todos,e8,135,48,82,0.6074074074074074,7.185925925925925,970.0999999999999
validacao,todos,menor_eta,135,90,76,0.562962962962963,6.426666666666666,867.5999999999999
validacao,todos,sempre_a,135,0,86,0.6370370370370371,4.825925925925926,651.5
validacao,CRUZ_02,rotulo,81,40,81,1.0,0.0,0.0
validacao,CRUZ_02,modelo,81,4,43,0.5308641975308642,6.81851851851852,552.3000000000001
validacao,CRUZ_02,e8,81,28,47,0.5802469135802469,6.900000000000001,558.9000000000001
validacao,CRUZ_02,menor_eta,81,60,47,0.5802469135802469,5.877777777777777,476.09999999999997
validacao,CRUZ_02,sempre_a,81,0,41,0.5061728395061729,7.45432098765432,603.8
validacao,CRUZ_08,rotulo,54,9,54,1.0,0.0,0.0
validacao,CRUZ_08,modelo,54,2,47,0.8703703703703703,0.5314814814814816,28.700000000000003
validacao,CRUZ_08,e8,54,20,35,0.6481481481481481,7.614814814814815,411.2
validacao,CRUZ_08,menor_eta,54,30,29,0.5370370370370371,7.249999999999999,391.49999999999994
validacao,CRUZ_08,sempre_a,54,0,45,0.8333333333333334,0.8833333333333333,47.699999999999996
